slug,ten,mo_ta_vn,vai_tro_chinh,tin_hieu,khung_tg,to_hop_goi_y,diem
atr-based-stop-distance,ATR-based Stop Distance,"Vẽ mức SL Long/Short cách giá đóng cửa hoặc giá Entry cố định một bội số ATR (mặc định 2x ATR 14), bảng quy đổi ra giá, % và Tick, cảnh báo chạm SL.",EXIT_SL,MOT_PHAN,Mọi khung,Ghép mọi công cụ tín hiệu Entry + tính Lot theo khoảng SL,5
chande-kroll-stop,Chande Kroll Stop,"Cặp đường SL kéo theo cho Long và Short từ giá cực trị p nến trừ x ATR, làm mượt q nến, có cảnh báo chạm SL.",EXIT_SL,RO,Mọi khung,Gắn làm SL kéo theo cho mọi tín hiệu Entry,5
chandelier-exit,Chandelier Exit,"Chandelier Exit chuẩn: SL kéo theo treo từ đỉnh/đáy cao nhất 22 nến trừ 3 ATR, có cảnh báo thoát Long/Short.",EXIT_SL,RO,Mọi khung,Gắn làm Exit kéo theo cho hệ thống theo xu hướng,5
elder-safezone-stop,Elder SafeZone Stop,"SL trượt SafeZone của Elder dựa trên độ xuyên ngược trung bình 20 nến nhân hệ số nhiễu, chỉ dịch theo hướng có lợi.",EXIT_SL,RO,Mọi khung,Dùng làm SL trượt cho bất kỳ tín hiệu Entry theo xu hướng nào,5
kase-studies,Kase Studies,"Bộ Kase: Peak Oscillator đo động lượng theo đơn vị biến động, histogram KaseCD và bậc DevStops dừng lỗ kéo theo 1/2,2/3,6 độ lệch, có cảnh báo kiệt sức.",EXIT_SL,RO,Mọi khung,"DevStops làm SL kéo theo, peak-out làm chốt lời; ghép tín hiệu Entry riêng",5
nrtr,NRTR,"Đường dừng và đảo chiều Nick Rypock đặt cách cực trị 2% hoặc theo ATR, chỉ kéo theo hướng xu hướng, cảnh báo đảo chiều.",EXIT_SL,RO,Mọi khung,Dùng làm SL kéo theo + bộ lọc hướng cho Entry khung nhỏ,5
parabolic-sar,Parabolic SAR,"Parabolic SAR chuẩn Wilder (0,02/0,02/0,2): chấm theo giá, tăng tốc khi xu hướng kéo dài và lật phía khi giá cắt, có cảnh báo lật.",EXIT_SL,RO,Mọi khung,Dùng làm SL kéo theo + bộ lọc xu hướng khung lớn,5
sigmoid-transition-trailing-stop,Sigmoid Transition Trailing Stop,"Trailing stop theo ATR tự kéo sát giá theo đường cong chữ S khi khoảng cách quá xa, đổi hướng khi đóng nến cắt qua; cảnh báo đổi hướng.",EXIT_SL,RO,Mọi khung,Gắn làm trailing SL cho mọi hệ thống theo xu hướng,5
stop-and-reverse,Stop-and-reverse,"Hệ luôn có vị thế kiểu Parabolic SAR: mức dừng tăng tốc về giá, chạm là đóng chân cũ và mở chiều ngược, có theo dõi R và cảnh báo nhiễu liên tiếp.",EXIT_SL,RO,Mọi khung,"Chỉ nhận đảo chiều cùng bộ lọc xu hướng, dùng cảnh báo nhiễu để tạm dừng",5
structure-invalidation,Structure Invalidation,"Theo dõi mức swing bảo vệ luận điểm cấu trúc, tuyên bố vô hiệu khi nến đóng vượt, phân loại dịch chuyển hay bị lấy lại theo ATR.",EXIT_SL,RO,Mọi khung,Dùng làm SL/thoát lệnh cấu trúc + tín hiệu Entry SMC,5
bessel-filter,Bessel Filter,"Bộ lọc Bessel làm mượt giá giữ nguyên hình dạng sóng, tô màu theo độ dốc, tùy chọn đường nhanh để giao cắt, cảnh báo đổi hướng và cắt giá.",LOC_XU_HUONG,RO,Mọi khung,Ghép vùng giá để lọc giao cắt + SL theo ATR,5
damiani-volatmeter,Damiani Volatmeter,"Đo biến động bằng tỷ lệ ATR nhanh/chậm so với ngưỡng độ lệch chuẩn, cho biết thị trường đủ biến động để trade hay đang ở vùng chết.",LOC_XU_HUONG,MOT_PHAN,Mọi khung,Dùng làm cổng bật/tắt cho tín hiệu phá vỡ + SL theo ATR,5
decycler,Decycler,"Bộ lọc Decycler của Ehlers loại bỏ chu kỳ ngắn để lấy đường xu hướng ít trễ, kèm dao động và cảnh báo đổi xu hướng.",LOC_XU_HUONG,RO,Mọi khung,"Đường nền xu hướng + Entry khi giá hồi về đường, SL theo ATR",5
double-bollinger-zones,Double Bollinger Zones,"Hai cặp BB (1 và 2 độ lệch chuẩn) chia vùng mua, bán, trung tính; xác nhận chế độ sau 2 nến giữ vùng, cảnh báo hồi giữ vùng.",LOC_XU_HUONG,RO,Mọi khung,"Entry khi hồi giữ vùng mua, SL dưới dải trong, TP theo dải ngoài",5
ehlers-instantaneous-trendline,Ehlers Instantaneous Trendline,"Đường xu hướng tức thời ít trễ của Ehlers cùng đường trigger, cảnh báo khi cắt nhau và khi đổi độ dốc.",LOC_XU_HUONG,RO,Mọi khung,Cắt trigger cùng hướng khung lớn làm Entry + SL theo ATR,5
elder-impulse-system,Elder Impulse System,"Hệ thống Impulse của Elder tô màu nến theo độ dốc EMA 13 và MACD histogram: xanh chỉ cho Buy, đỏ chỉ cho Sell.",LOC_XU_HUONG,MOT_PHAN,Mọi khung,Dùng làm quyền phủ quyết hướng cho tín hiệu Entry + SL theo ATR,5
frama,FRAMA,"FRAMA của Ehlers: MA thích nghi theo chiều fractal, tô màu pha tăng/giảm/đi ngang theo độ dốc chuẩn hóa ATR; alert cắt giá và đổi pha.",LOC_XU_HUONG,RO,Mọi khung,Ghép tín hiệu hồi chạm FRAMA + SL theo ATR,5
gann-hilo-activator,Gann HiLo Activator,"Đường bậc thang Gann HiLo: trung bình 3 kỳ đáy làm hỗ trợ khi tăng, đỉnh làm kháng cự khi giảm; đổi trạng thái theo đóng cửa, có alert.",LOC_XU_HUONG,RO,Mọi khung,"Ghép bộ lọc xu hướng khung lớn, dùng đường làm SL trượt",5
gaussian-filter,Gaussian Filter,Bộ lọc Gaussian đệ quy của Ehlers làm đường cơ sở xu hướng mượt; alert khi giá cắt đường và khi độ dốc đổi chiều.,LOC_XU_HUONG,RO,Mọi khung,Ghép Entry hồi chạm đường + SL theo ATR,5
halftrend,Halftrend,"Đường Halftrend dừng và đảo chiều, chỉ bước theo đáy/đỉnh, có kênh nửa ATR; alert đổi chiều và từ chối tại kênh.",LOC_XU_HUONG,RO,Mọi khung,"Ghép bộ lọc khung lớn, dùng đường làm SL trượt",5
jma,JMA,"Đường trung bình thích nghi Jurik (bản xấp xỉ 3 tầng) tô màu theo độ dốc, chỉnh pha trễ/vượt, có đánh dấu giá cắt và cảnh báo đổi độ dốc.",LOC_XU_HUONG,RO,Mọi khung,"Độ dốc làm bộ lọc hướng, giá cắt JMA làm Entry, SL theo ATR",5
kalman-filter,Kalman Filter,"Bộ lọc Kalman dự đoán-cập nhật trên giá thành đường thích nghi, chỉnh bằng nhiễu quá trình Q và đo lường R, tô màu độ dốc, có cảnh báo giá cắt.",LOC_XU_HUONG,RO,Mọi khung,"Độ dốc làm bộ lọc hướng, hồi về đường làm Entry, SL theo ATR",5
laguerre-filter,Laguerre Filter,"Bộ lọc Laguerre 4 tầng của Ehlers thành đường xu hướng tô màu độ dốc, chỉnh bằng Gamma, có đánh dấu giá cắt và cảnh báo đổi độ dốc.",LOC_XU_HUONG,RO,Mọi khung,"Độ dốc làm lọc hướng, giá cắt làm Entry hồi, SL theo ATR",5
line-break,Line Break,"Dựng biểu đồ Three Line Break từ giá đóng đã xác nhận, vẽ cạnh nến cuối, mức giá tiếp diễn/đảo chiều trên biểu đồ, bảng thống kê và cảnh báo.",LOC_XU_HUONG,RO,Mọi khung,"Đường đảo chiều làm Entry/Exit, mức kích hoạt đảo chiều làm SL",5
ma-of-ma,MA of MA,"Làm mượt MA bằng MA thứ hai (mặc định EMA 20 qua EMA 20), đo độ trễ, có đường giảm trễ và cảnh báo giao cắt, đổi độ dốc.",LOC_XU_HUONG,RO,Mọi khung,"Dùng làm nền xu hướng + tín hiệu cắt, ghép vùng giá và SL theo ATR",5
mama-fama,MAMA/FAMA,"Cặp trung bình thích nghi MESA của Ehlers (MAMA/FAMA) tự điều chỉnh theo pha chu kỳ, có cảnh báo giao cắt và đổi độ dốc.",LOC_XU_HUONG,RO,Mọi khung,"Giao cắt làm tín hiệu xu hướng, ghép xác nhận động lượng + SL theo ATR",5
markup-and-markdown,Markup & Markdown,"Xác định pha tăng giá/giảm giá Wyckoff: vùng tích lũy hẹp bị phá với biên độ và khối lượng mở rộng, xác nhận khi nhịp hồi giữ, có 9 cảnh báo.",LOC_XU_HUONG,RO,Mọi khung,"Chỉ giao dịch theo pha đã xác nhận, Entry nhịp hồi, SL dưới bậc gần nhất",5
mlma,MLMA,"Đường trung bình học máy dùng hồi quy kernel Gauss không vẽ lại, có dải bất định 2 độ lệch chuẩn, cảnh báo đổi độ dốc, cắt giá, phá dải và quay về dải.",LOC_XU_HUONG,RO,Mọi khung,Dùng độ dốc làm bộ lọc + dao động xác nhận + SL theo ATR,5
one-timeframing,One-timeframing,"Kiểm tra chuỗi one-timeframing (mỗi nến giữ đáy/đỉnh nến trước) trên khung hiện tại và khung 30 phút, tô màu nến, mức vô hiệu và cảnh báo.",LOC_XU_HUONG,RO,Trong ngày,Làm bộ lọc kiểm soát xu hướng + SL tại mức vô hiệu,5
supertrend,SuperTrend,"Supertrend chuẩn (ATR 10, hệ số 3): trailing stop đổi phía khi giá đóng cắt qua, có cảnh báo đảo xu hướng.",LOC_XU_HUONG,RO,Mọi khung,"Bộ lọc xu hướng + trailing SL, Entry từ tín hiệu hồi",5
trend-magic,Trend Magic,"Trend Magic: đường trượt theo ATR đổi phía theo dấu CCI 20, cảnh báo đảo chiều và chạm đường, dùng làm xu hướng và SL động.",LOC_XU_HUONG,RO,Mọi khung,Ghép tín hiệu hồi chạm đường + TP theo R:R cố định,5
vidya,VIDYA,"VIDYA của Chande: EMA thích ứng theo CMO hoặc độ lệch chuẩn, độ dốc theo ATR phân chế độ xu hướng/phẳng, cảnh báo phá vỡ từ phẳng.",LOC_XU_HUONG,RO,Mọi khung,Ghép Entry phá vỡ từ vùng phẳng + SL theo ATR,5
vwap-mean-reversion-vs-trend-regimes,VWAP Mean-reversion vs Trend Regimes,"Phân loại phiên trong ngày thành xu hướng hay hồi quy về trung bình bằng điểm tổng hợp từ VWAP, kèm cảnh báo fade dải ngoài và hồi về VWAP.",LOC_XU_HUONG,RO,Khung trong ngày,"Ngày xu hướng: Entry hồi về VWAP; ngày đi ngang: fade dải ngoài, SL theo ATR",5
80-percent-rule,80% Rule,"Dựng vùng giá trị phiên trước và chạy quy tắc 80%: mở cửa ngoài vùng, quay lại và giữ 60 phút thì phát tín hiệu xoay về biên đối diện, có bảng trạng thái.",TIN_HIEU_ENTRY,RO,Khung trong ngày,Ghép SL theo ATR ngoài vùng giá trị + TP tại biên đối diện,5
acceleration-bands,Acceleration Bands,"Dải gia tốc Price Headley quanh SMA; đánh dấu Entry khi hai nến đóng ngoài dải và Exit khi đóng cửa quay vào trong, có cảnh báo đầy đủ.",TIN_HIEU_ENTRY,RO,Mọi khung,Ghép bộ lọc xu hướng khung lớn + SL theo ATR,5
asia-sweep-reversals,Asia Sweep Reversals,"Đánh dấu biên phiên Tokyo làm vùng thanh khoản, phát tín hiệu Long/Short khi giá quét biên rồi đổi cấu trúc nội bộ, tự vẽ hộp SL/TP và cảnh báo.",TIN_HIEU_ENTRY,RO,Khung trong ngày,Ghép bộ lọc xu hướng H1-H4 + chỉ vào lệnh phiên London/New York,5
bollinger-band-tag-reversion,Bollinger Band Tag Reversion,"Chạm dải Bollinger ngoài rồi đóng cửa quay vào trong, có bộ lọc thị trường đi ngang và loại biến động mở rộng, vẽ Entry, SL và mục tiêu về dải giữa.",TIN_HIEU_ENTRY,RO,Mọi khung,Ghép Choppiness Index xác nhận đi ngang + bộ lọc phiên giao dịch,5
bollinger-squeeze,Bollinger Squeeze,"Phát hiện nén biến động (độ rộng dải thấp hoặc dải nằm trong Keltner), đóng hộp vùng nén và đánh dấu bùng nổ khi giá đóng cửa thoát hộp.",TIN_HIEU_ENTRY,RO,Mọi khung,Ghép lọc xu hướng EMA khung lớn + SL mép đối diện hộp nén,5
breakout-detector-previous-mtf-high-low-levels,Breakout Detector (Previous MTF High Low Levels),"Báo phá vỡ khi giá đóng cửa qua đỉnh/đáy khung lớn trước đó, tự vẽ hộp TP/SL theo tỷ lệ R:R, gắn cờ phá vỡ giả và bảng tổng kết.",TIN_HIEU_ENTRY,RO,Mọi khung,Ghép xác nhận khối lượng/động lượng để lọc phá vỡ giả,5
bull-bear-flag,Bull/bear Flag,"Phát hiện mẫu hình cờ tăng/giảm theo quy tắc đo được (cán cờ ≥3 ATR, kênh hồi 4-15 nến), báo phá vỡ, mục tiêu đo lường và thất bại.",TIN_HIEU_ENTRY,RO,Mọi khung,Ghép lọc xu hướng khung lớn + SL dưới kênh cờ,5
cbc-flip-with-targets-and-filters,CBC Flip with Targets and Filters,"Tín hiệu đổi thiên hướng Candle By Candle khi nến đóng cửa vượt đỉnh/đáy nến trước, có TP/SL theo ATR, lọc VWAP phiên và bảng tỷ lệ thắng.",TIN_HIEU_ENTRY,RO,Mọi khung,Ghép lọc xu hướng khung lớn + khung giờ phiên,5
classic-bar-setups,Classic Bar Setups,"Các mẫu nến Oops (Larry Williams), gimmee bar (Joe Ross) và đảo chiều 80-20 với lệnh chờ Entry, SL bảo vệ và dừng theo thời gian.",TIN_HIEU_ENTRY,RO,Mọi khung (mẫu theo phiên),Ghép lọc xu hướng khung lớn + bộ lọc phiên,5
displacement,Displacement,"Đánh dấu chân dịch chuyển mạnh (nhiều nến một chiều vượt 4 lần thân nến trung bình), có lọc phá cấu trúc, quét thanh khoản, killzone.",TIN_HIEU_ENTRY,RO,Mọi khung (tùy chọn lọc killzone theo phiên),"Ghép quét thanh khoản + FVG để Entry hồi, SL ngoài gốc chân dịch chuyển",5
donchian-trend-rules,Donchian Trend Rules,"Hệ thống phá vỡ Donchian cơ học: Long khi phá đỉnh 20 nến, Exit khi thủng đáy 10 nến, ngược lại cho Short, một Entry mỗi lệnh.",TIN_HIEU_ENTRY,RO,Mọi khung,Thêm lọc nén biến động Donchian Width + khối lượng vị thế theo ATR,5
engulfing-bar,Engulfing Bar,"Phát hiện nến nhấn chìm toàn biên độ có lọc mở rộng biên độ, vị trí đóng cửa, xu hướng, swing và khối lượng, kèm mức kích hoạt và SL.",TIN_HIEU_ENTRY,RO,Mọi khung,Ghép vùng hỗ trợ/kháng cự + bộ lọc xu hướng khung lớn,5
exhaustion-bar,Exhaustion Bar,"Phát hiện nến kiệt sức: cực trị mới sau nhịp 2 ATR, biên độ rộng nhưng đóng cửa ở phía ngược lại, kèm mức SL tại đầu râu.",TIN_HIEU_ENTRY,RO,Mọi khung,"Ghép vùng thanh khoản/kháng cự + xác nhận nến sau, SL tại đầu râu",5
false-breakout,False Breakout,"Theo dõi mức swing đã xác nhận, phát hiện phá vỡ giả khi giá đóng cửa quay lại trong cửa sổ, gắn nhãn Bull Trap/Bear Trap kèm alert.",TIN_HIEU_ENTRY,RO,Mọi khung,Ghép bộ lọc xu hướng khung lớn + SL sau cực trị phá vỡ giả,5
hikkake,Hikkake,"Phát hiện bẫy Hikkake nến trong: phá giả một phía rồi đảo qua cực trị đối diện trong 3 nến; vẽ mức kích hoạt, vô hiệu và alert.",TIN_HIEU_ENTRY,RO,Mọi khung,Ghép bộ lọc xu hướng + SL qua mức vô hiệu,5
impulse-macd,Impulse MACD,"Biến thể MACD bằng 0 khi giá nằm trong dải cao/thấp làm mượt, chỉ bật khi giá thoát dải; có đường tín hiệu, histogram và cảnh báo khởi phát.",TIN_HIEU_ENTRY,RO,Mọi khung,"Vùng chết làm bộ lọc đi ngang, khởi phát làm Entry phá vỡ, SL theo ATR",5
inverse-fisher-transform,Inverse Fisher Transform,"Biến đổi Fisher ngược trên RSI/Stochastic/SMI/CCI, nén về -1 đến +1; cắt ngưỡng ±0,5 cho tín hiệu Buy/Sell, có cảnh báo và mũi tên.",TIN_HIEU_ENTRY,RO,Mọi khung,"Ghép lọc xu hướng khung lớn, chỉ lấy tín hiệu thuận hướng + SL theo ATR",5
inversion-fair-value-gaps-ifvg,Inversion Fair Value Gaps (IFVG),"Vẽ FVG đảo chiều khi giá đóng xuyên qua FVG ngược hướng, biến FVG tăng thành kháng cự và ngược lại; báo tín hiệu khi kiểm tra lại xác nhận vai trò mới.",TIN_HIEU_ENTRY,RO,Mọi khung,"SL ngoài vùng FVG đảo chiều, lọc xu hướng khung lớn + phiên",5
inverted-hammer,Inverted Hammer,"Phát hiện nến búa ngược theo tỷ lệ đo được sau nhịp giảm, theo dõi 3 nến xác nhận với mức kích hoạt, SL và xếp hạng khối lượng, nhiều cảnh báo.",TIN_HIEU_ENTRY,RO,Mọi khung,"Chỉ lấy tại vùng hỗ trợ khung lớn, SL mức sẵn có, TP theo R:R",5
laguerre-rsi,Laguerre RSI,"Laguerre RSI (0-1) chỉnh bằng Gamma, mức 0,8/0,2; sự kiện hành động là thoát ngưỡng, có mũi tên và cảnh báo đủ 4 kiểu cắt.",TIN_HIEU_ENTRY,RO,Mọi khung,"Thoát vùng quá bán thuận xu hướng khung lớn làm Entry, SL theo ATR",5
lead-lag-instrument-triggers,Lead-lag Instrument Triggers,"Chỉ báo tín hiệu khi mã dẫn dắt đi trước (phá vỡ, thất bại tại mức, cú đẩy 2 sigma) và mã hiện tại phá cực trị 20 nến trong 10 nến, có cổng tương quan.",TIN_HIEU_ENTRY,RO,Mọi khung,"Đặt mã dẫn dắt DXY/XAG cho vàng, SL ngoài cực trị 20 nến",5
livermore-pivotal-point,Livermore Pivotal Point,"Tự động hóa sổ ghi giá sáu cột của Livermore với ngưỡng phần trăm, đánh dấu điểm then chốt, tín hiệu phá vỡ, xác nhận theo đà 3% và tín hiệu nguy hiểm.",TIN_HIEU_ENTRY,RO,Mọi khung,"Entry khi phá điểm then chốt, Exit khi có tín hiệu nguy hiểm, SL theo ATR",5
logistic-signal-calibration,Logistic Signal Calibration,"Gộp động lượng, xu hướng và dòng khối lượng qua mô hình logistic thành điểm xác suất 0–1 với ngưỡng 0,7/0,3, kèm bảng đánh giá độ tin cậy.",TIN_HIEU_ENTRY,RO,Mọi khung,"Dùng điểm vượt ngưỡng làm bộ lọc/Entry, ghép vùng giá + SL theo ATR",5
marubozu,Marubozu,"Phát hiện nến marubozu đầy đủ, mở cửa, đóng cửa với thân lớn hơn biên độ trung bình, lọc khối lượng và xu hướng, có cảnh báo và khung mức giữa nến.",TIN_HIEU_ENTRY,RO,Mọi khung,"Entry theo nến marubozu cùng xu hướng, SL tại mức giữa hoặc đáy nến",5
morning-star,Morning Star,"Phát hiện mẫu hình nến sao mai ba nến theo quy tắc đo được, có lọc xu hướng giảm SMA 50, mức kích hoạt và mức dừng lỗ, có cảnh báo.",TIN_HIEU_ENTRY,RO,Mọi khung,Ghép vùng hỗ trợ/order block + bộ lọc xu hướng khung lớn,5
mss-sweeps,MSS Sweeps,"Phát hiện quét thanh khoản tại đáy cao hơn/đỉnh thấp hơn được bảo vệ sau BOS cấu trúc nội bộ, có nhãn và cảnh báo xác nhận nến đóng.",TIN_HIEU_ENTRY,RO,Mọi khung,Ghép bộ lọc xu hướng khung lớn + SL dưới đáy quét,5
no-wick-retest-levels,No-Wick Retest Levels,"Tìm mức từ nến gần không có râu, báo Long/Short khi giá kiểm tra lại cùng xu hướng EMA khung 1 phút, có cảnh báo TP/SL theo ATR.",TIN_HIEU_ENTRY,RO,Scalp (M1-M5),Ghép bộ lọc phiên London/New York + xu hướng khung lớn,5
one-shot-one-kill,One-shot-one-kill,"Mô hình ICT tuần: thiên hướng tuần, quét thanh khoản tuần/phiên, chuyển cấu trúc rồi một Entry tại vùng OTE 62-79%, có killzone, SL/TP và cảnh báo từng giai đoạn.",TIN_HIEU_ENTRY,RO,Trong ngày (M5-M15),Hệ hoàn chỉnh; thêm bộ lọc tin NFP/CPI + quản lý Lot theo rủi ro,5
pdh-l-fvg-crt,PDH/L FVG (CRT),Chờ giá quét đỉnh/đáy ngày trước (PDH/PDL) rồi tìm FVG hình thành trong cửa sổ nến để phát tín hiệu Long/Short và Exit theo mô hình CRT.,TIN_HIEU_ENTRY,RO,Khung trong ngày (M5-H1),Ghép lọc xu hướng H4 + lọc phiên London/New York + SL theo ATR,5
rahul-mohindar-oscillator,Rahul Mohindar Oscillator,"Hệ RMO đầy đủ: SwingTrd 2 cắt SwingTrd 3 cùng phía với đường RMO tạo tín hiệu Buy/Sell, RMO trên/dưới 0 là lọc chế độ.",TIN_HIEU_ENTRY,RO,Mọi khung,Ghép SL theo ATR + vùng giá hỗ trợ/kháng cự,5
rsi-2,RSI-2,"RSI 2 kỳ theo chiến lược hồi về trung bình: dải 90/10, lọc xu hướng MA 200, thoát theo MA 5; in setup và cảnh báo Long/Short, Exit.",TIN_HIEU_ENTRY,RO,Mọi khung,Thêm SL theo ATR + bộ lọc phiên; hệ thống hoàn chỉnh có thể code thẳng,5
rsi-failure-swing,RSI Failure Swing,"Máy trạng thái mẫu hình failure swing của Wilder trên RSI 14, ghi nhãn Bull FS/Bear FS khi phá điểm thất bại, chỉ dùng swing đã xác nhận nên không vẽ lại.",TIN_HIEU_ENTRY,RO,Mọi khung,Ghép vùng hỗ trợ/kháng cự trên giá + SL dưới đáy swing + TP theo R:R,5
signal-hygiene,Signal Hygiene,"Lớp làm sạch tín hiệu năm tầng: xác nhận đóng nến, vùng chết ATR, số nến xác nhận, thời gian chờ, chống trùng; nhận tín hiệu ngoài và thống kê số lần lọc bỏ.",TIN_HIEU_ENTRY,RO,Mọi khung,Đặt giữa mọi nguồn tín hiệu và cảnh báo/EA để giảm nhiễu,5
significant-breakout-levels-fvg,Significant Breakout Levels (FVG),"Vẽ hỗ trợ/kháng cự từ pivot và chỉ báo phá vỡ khi thân nến vượt ngưỡng ATR kèm FVG cùng hướng xác nhận, có cảnh báo.",TIN_HIEU_ENTRY,RO,Mọi khung,Ghép bộ lọc xu hướng khung lớn + SL dưới mức vừa phá theo ATR,5
squeeze-release-direction,Squeeze Release Direction,"Khi Bollinger Bands bung khỏi Keltner, bỏ phiếu năm yếu tố (động lượng, độ nghiêng dải, phá vỡ, khối lượng, EMA 50 khung ngày) để chấm hướng Tăng/Giảm/Mơ hồ.",TIN_HIEU_ENTRY,RO,Mọi khung,"Bỏ tín hiệu mơ hồ + SL theo ATR, TP theo bội số R",5
stochastic-pop,Stochastic Pop,"%K nhanh vượt 80/dưới 20 được trade như bùng nổ động lượng, có bộ lọc ADX nén, EMA khung tuần, khối lượng và dấu Entry/Exit.",TIN_HIEU_ENTRY,RO,Mọi khung,Thêm SL theo ATR + bộ lọc xu hướng khung lớn,5
stopping-volume,Stopping Volume,"Đánh dấu nến khối lượng gấp đôi tạo đáy thấp nhất đợt giảm nhưng đóng giữa trở lên, theo dõi vùng hấp thụ, kiểm tra khối lượng thấp và VWAP neo sự kiện.",TIN_HIEU_ENTRY,RO,Mọi khung,Buy khi kiểm tra khối lượng thấp giữ vùng + SL dưới vùng hấp thụ,5
support-and-resistance-signals-mtf,Support and Resistance Signals MTF,"Dựng vùng hỗ trợ/kháng cự từ swing, đánh dấu phá vỡ, kiểm tra, kiểm tra lại và từ chối, hỗ trợ khung lớn và cảnh báo.",TIN_HIEU_ENTRY,RO,Mọi khung,"Entry kiểm tra lại sau phá vỡ + SL ngoài vùng, TP vùng kế tiếp",5
sweeps-ifvgs,Sweeps & IFVGs,"Đánh dấu quét thanh khoản đỉnh/đáy swing và FVG đảo ngược (FVG thất bại đổi vai trò), lọc theo ATR, có cảnh báo.",TIN_HIEU_ENTRY,RO,Mọi khung,"Entry tại IFVG sau quét + SL sau đỉnh/đáy quét, bộ lọc xu hướng",5
three-inside-up-down,Three Inside Up/down,"Phát hiện Three Inside Up/Down (harami kèm nến xác nhận) theo quy tắc chặt, có kiểm tra xu hướng và mức vô hiệu hóa để vào lệnh đảo chiều.",TIN_HIEU_ENTRY,RO,Mọi khung,Ghép vùng hỗ trợ/kháng cự + SL tại mức vô hiệu hóa,5
ttm-squeeze,TTM Squeeze,"TTM Squeeze: chấm báo nén biến động khi Bollinger nằm trong Keltner, biểu đồ động lượng hồi quy cho hướng, cảnh báo bung nén.",TIN_HIEU_ENTRY,RO,Mọi khung,"Ghép bộ lọc xu hướng + Entry khi bung nén, SL theo ATR",5
tweezer-top-bottom,Tweezer Top/bottom,"Phát hiện đỉnh/đáy nhíp sau nhịp 1 ATR, chấm điểm hợp lưu râu từ chối và hỗ trợ/kháng cự, mức kéo dài đến khi bị phá.",TIN_HIEU_ENTRY,RO,Mọi khung,Ghép vùng hỗ trợ/kháng cự khung lớn + SL ngoài mức nhíp,5
ultimate-opening-range-breakout,Ultimate Opening Range Breakout,"Bộ phá vỡ biên độ mở cửa: tín hiệu BULL/BEAR BREAK theo khối lượng, mục tiêu theo biên độ, trailing stop ATR và thống kê tỷ lệ chạm.",TIN_HIEU_ENTRY,RO,"Trong ngày (London, New York)",Ghép bộ lọc xu hướng D1 + TP mục tiêu biên độ,5
volume-signature-per-pattern,Volume Signature per Pattern,"Phát hiện vùng tích lũy nén theo ATR, kiểm tra khối lượng co khi hình thành và tăng 1.5x khi phá vỡ, gắn nhãn Confirmed hoặc Suspect.",TIN_HIEU_ENTRY,RO,Mọi khung,"Chỉ vào lệnh phá vỡ Confirmed cùng chiều xu hướng khung lớn, SL mép vùng",5
balanced-price-range,Balanced Price Range,"Tìm hai FVG ngược chiều gần nhau và vẽ phần chồng lấn làm vùng tăng/giảm có đường giữa, cảnh báo hình thành, kiểm tra lại và bị phá.",VUNG_MUC_GIA,RO,Mọi khung,"Ghép bộ lọc xu hướng + Entry lần kiểm tra lại đầu tiên, SL ngoài vùng",5
donchian-channels,Donchian Channels,"Kênh Donchian chuẩn: đỉnh cao nhất và đáy thấp nhất 20 nến cùng đường giữa, cảnh báo khi giá phá vỡ biên trên/dưới.",VUNG_MUC_GIA,RO,Mọi khung,Phá vỡ kênh 20 + lọc biến động + thoát theo kênh 10 nến,5
fibonacci-pivots,Fibonacci Pivots,"Pivot Fibonacci từ H+L+C kỳ trước với các tầng hỗ trợ/kháng cự 38.2%, 61.8%, 100%; neo ngày/tuần/tháng, alert khi giá cắt từng mức.",VUNG_MUC_GIA,RO,"Trong ngày (neo ngày, tuần, tháng)","Ghép nến từ chối tại mức + SL qua mức kế tiếp, TP mức đối diện",5
floor-pivots,Floor Pivots,"Pivot sàn cổ điển với R1-R3, S1-S3 từ kỳ trước (ngày/tuần/tháng/năm), không vẽ lại trong kỳ; alert khi giá cắt từng mức.",VUNG_MUC_GIA,RO,"Trong ngày (neo ngày, tuần, tháng, năm)","Ghép nến từ chối tại mức + SL qua mức kế, TP mức đối diện",5
htf-level-proximity-filters,HTF-level Proximity Filters,"Cổng lọc tín hiệu theo khoảng cách tới mức khung lớn (đỉnh/đáy/đóng ngày-tuần-tháng, pivot sàn) tính bằng ATR hoặc %, chặn lệnh hướng thẳng vào mức gần.",VUNG_MUC_GIA,MOT_PHAN,Mọi khung,"Gắn làm cổng chặn cho mọi tín hiệu Entry; ngưỡng 0,25 ATR ngày",5
monday-range,Monday Range,"Đánh dấu cao, thấp, giữa của thứ Hai kéo đến thứ Sáu làm khung tham chiếu tuần, cảnh báo phá vỡ, phá vỡ thất bại và cắt mức giữa.",VUNG_MUC_GIA,RO,Trong ngày đến H4,Ghép bộ lọc xu hướng D1 + Entry theo phá vỡ hoặc phá vỡ thất bại,5
overnight-and-eth-levels,Overnight & ETH Levels,"Khóa cao, thấp, giữa phiên qua đêm và tiền thị trường lúc mở phiên chính, theo dõi trạng thái chưa chạm/chạm/phá/phá thất bại, có cảnh báo.",VUNG_MUC_GIA,RO,Trong ngày,Ghép Entry phá vỡ thất bại tại ONH/ONL + bộ lọc xu hướng,5
macd-v,MACD-V,"MACD chuẩn hóa theo ATR với các mức cố định ±50 và ±150, có cảnh báo cắt tín hiệu, cắt 0 và vào/ra vùng quá kéo giãn trên mọi mã.",XAC_NHAN,RO,Mọi khung,Entry khi cắt tín hiệu ngoài vùng trung tính + bộ lọc xu hướng EMA,5
macd,MACD,"MACD chuẩn 12/26/9 gồm đường MACD, đường tín hiệu và biểu đồ cột, có cảnh báo cắt tín hiệu và cắt mức 0.",XAC_NHAN,RO,Mọi khung,"Xác nhận động lượng cho Entry tại vùng giá, lọc theo xu hướng khung lớn",5
decision-trees,Decision Trees,"Cây quyết định CART huấn luyện cuốn chiếu trên RSI, khối lượng tương đối, ROC, Stochastic, ATR để dự báo xác suất tăng giá 10 nến tới.",DO_LUONG_THONG_KE,MOT_PHAN,Mọi khung,Dùng xác suất tăng/giảm tin cậy cao làm bộ lọc hướng cho tín hiệu Entry khác,4
jump-detection,Jump Detection,"Chuẩn hóa lợi suất mỗi nến theo biến động bền vững (bipower variation), đánh dấu cú nhảy vượt 3 sigma và bảng tách rủi ro nhảy giá khỏi biến động thường.",DO_LUONG_THONG_KE,MOT_PHAN,Mọi khung,"Tạm dừng Entry/nới SL sau cú nhảy, ghép lịch tin NFP/CPI",4
universal-signal-backtester,Universal Signal Backtester,"Kiểm thử quá khứ mọi tín hiệu (giao cắt MA, nguồn ngoài), tối đa ba TP/SL, tính spread và phí, chấm điểm kết quả.",DO_LUONG_THONG_KE,MOT_PHAN,Mọi khung,Nối nguồn tín hiệu từ indicator khác để kiểm thử tổ hợp,4
fibonacci-trailing-stop,Fibonacci Trailing Stop,"Đường dừng lỗ trượt từ mức Fibonacci của swing gần nhất, chỉ dịch theo chiều xu hướng và báo đảo chiều khi giá phá qua.",EXIT_SL,MOT_PHAN,Mọi khung,"Ghép tín hiệu Entry bất kỳ, dùng làm SL trượt và Exit",4
market-structure-trailing-stop,Market Structure Trailing Stop,Dừng lỗ động theo cấu trúc: reset về cực trị xu hướng trước khi có CHoCH (hoặc BOS) rồi tiến dần về giá theo hệ số tăng.,EXIT_SL,MOT_PHAN,Mọi khung,Dùng làm Exit/trailing SL cho tín hiệu Entry theo cấu trúc,4
measured-move,Measured Move,"Chiếu mục tiêu nhịp đo từ ba đỉnh đáy xác nhận: độ dài A-B đặt từ C thành vùng mục tiêu, kèm R:R khi vào tại C với SL tại A, có 6 cảnh báo.",EXIT_SL,RO,Mọi khung,"Ghép tín hiệu Entry tại C, đặt TP tại vùng mục tiêu, SL tại A",4
neighboring-trailing-stop,Neighboring Trailing Stop,"Dừng lỗ kéo theo dựa trên phân bố giá gần đây bằng k láng giềng gần nhất và lọc phân vị, đổi màu theo xu hướng, nhãn B/S khi đảo chiều.",EXIT_SL,RO,Mọi khung,Dùng làm SL kéo theo + bộ lọc xu hướng khung lớn; tự thêm cảnh báo,4
non-price-exits,Non-price Exits,"Đóng lệnh mô phỏng bằng quy tắc không theo giá: dừng theo thời gian, tín hiệu ngược, suy giảm tín hiệu, đóng cuối ngày/cuối tuần, thoát hòa vốn.",EXIT_SL,MOT_PHAN,Mọi khung,Ghép bất kỳ tín hiệu Entry nào + SL giá cố định,4
statistical-trailing-stop,Statistical Trailing Stop,"Trailing stop với bốn mức khoảng cách lấy từ phân phối log-chuẩn của biến động, bảng thống kê ghi kết quả từng tín hiệu.",EXIT_SL,RO,Mọi khung,"Ghép tín hiệu Entry bất kỳ, dùng mức 1-2 làm trailing SL",4
stop-placement-vs-liquidity-pools,Stop Placement vs Liquidity Pools,"Vẽ vùng tập trung SL sau swing, đỉnh/đáy ngày-tuần trước và số tròn theo ATR, gắn nhãn Quét hoặc Phá, gợi ý vị trí SL an toàn cách 0.5 ATR.",EXIT_SL,MOT_PHAN,Mọi khung,Đặt SL theo gợi ý + Entry sau tín hiệu quét thanh khoản,4
targets-for-many-indicators,Targets For Many Indicators,"Tạo mục tiêu giá khi điều kiện giữa hai chuỗi (hơn 30 nguồn như RSI, MACD, Supertrend, VWAP) xảy ra, khoảng cách theo tick hoặc ATR.",EXIT_SL,RO,Mọi khung,"Gắn TP theo ATR vào tín hiệu Entry của hệ thống, thống kê tỷ lệ chạm",4
targets-for-overlay-indicators,Targets For Overlay Indicators,"Gắn mục tiêu giá tự động khi giá cắt lên/xuống chỉ báo chồng (MA, dải, trailing stop), cảnh báo đặt và chạm mục tiêu.",EXIT_SL,RO,Mọi khung,"Ghép MA/Supertrend làm Entry + TP tự động, xem tỷ lệ chạm",4
volume-delta-trailing-stop,Volume Delta Trailing Stop,"Đánh dấu nến delta khối lượng ngược chiều giá, đặt mức kích hoạt tại cực trị, sau phá vỡ quản lý bằng trailing stop theo delta.",EXIT_SL,RO,Mọi khung,"Ghép bộ lọc xu hướng + TP theo R:R, dùng làm SL động",4
average-directional-index,Average Directional Index,"ADX chuẩn Wilder với +DI/-DI và đường sức mạnh xu hướng, mức ngưỡng tùy chỉnh, cảnh báo cắt DI và ADX vượt ngưỡng.",LOC_XU_HUONG,MOT_PHAN,Mọi khung,Dùng ADX lọc thị trường có xu hướng cho hệ phá vỡ/hồi,4
band-walk,Band Walk,"Xác nhận giá bám dải Bollinger/Keltner khi đóng ngoài dải 3 lần trong 5 nến, theo dõi đến khi kết thúc, cảnh báo hồi về đường giữa để vào tiếp.",LOC_XU_HUONG,RO,Mọi khung,Entry khi hồi về đường giữa trong lúc bám dải + SL theo ATR,4
butterworth-filter,Butterworth Filter,"Bộ lọc làm mượt Butterworth 2 hoặc 3 cực, đổi màu theo độ dốc, có dải dung sai ATR và cảnh báo đổi dốc hoặc giá cắt đường lọc.",LOC_XU_HUONG,MOT_PHAN,Mọi khung,Làm bộ lọc hướng cho tín hiệu Entry khung nhỏ + SL theo ATR,4
change-point-detection-cusum,Change-Point Detection (CUSUM),"Phát hiện điểm đổi chế độ thống kê bằng CUSUM trên lợi suất log chuẩn hóa, vẽ đường chế độ, dải áp lực và điểm đổi không vẽ lại.",LOC_XU_HUONG,MOT_PHAN,Mọi khung,Bật/tắt hệ thống khi đổi chế độ + tín hiệu Entry riêng,4
chebyshev-filters,Chebyshev Filters,"Bộ lọc Chebyshev loại I/II làm mượt giá, đường đổi màu theo độ dốc, đánh dấu giá cắt đường lọc và cảnh báo.",LOC_XU_HUONG,MOT_PHAN,Mọi khung,Lọc hướng xu hướng + tín hiệu Entry khung nhỏ + SL theo ATR,4
choppiness-index,Choppiness Index,"Choppiness Index 14 đo thị trường có xu hướng hay đi ngang (0-100, ngưỡng 61.8/38.2), có cảnh báo chuyển trạng thái.",LOC_XU_HUONG,MOT_PHAN,Mọi khung,Công tắc chọn hệ thống theo xu hướng hay hồi về trung bình,4
coral-trend,Coral Trend,"Đường Coral Trend làm mượt 6 tầng bù trễ, đổi màu theo độ dốc là tín hiệu chính, có dấu đổi màu, giá cắt và 4 cảnh báo.",LOC_XU_HUONG,MOT_PHAN,Mọi khung,Lọc hướng + Entry khi hồi chạm đường + SL theo ATR,4
correlation-trend-indicator,Correlation Trend Indicator,"Correlation Trend Indicator của Ehlers: tương quan giá với đường thẳng lý tưởng 20 nến, vượt ±0.5 là chế độ xu hướng, có cảnh báo.",LOC_XU_HUONG,MOT_PHAN,Mọi khung,Bộ lọc chế độ xu hướng cho tín hiệu Entry + SL theo ATR,4
death-cross,Death Cross,"Đánh dấu điểm giao cắt tử thần SMA 50/200, chấm điểm theo độ dốc đường chậm và gắn cờ giao cắt nhiễu lặp lại trong 20 nến.",LOC_XU_HUONG,RO,"Khung ngày (tác giả hướng tới trader vị thế), dùng được mọi khung",Dùng làm bộ lọc chế độ giảm cho lệnh Sell ở khung nhỏ hơn,4
displaced-ma,Displaced MA,"Đường trung bình dịch chuyển kiểu DiNapoli (3x3, 7x5, 25x5), tô màu theo độ dốc và cảnh báo giá cắt qua.",LOC_XU_HUONG,MOT_PHAN,Mọi khung,"7x5 làm xu hướng ngắn + 25x5 làm bộ lọc, Entry khi giá hồi chạm",4
dow-theory,Dow Theory,"Phân loại xu hướng chính và phụ theo Lý thuyết Dow từ cấu trúc HH/HL/LH/LL, gắn cờ đảo chiều swing thất bại và xác nhận khối lượng.",LOC_XU_HUONG,RO,Mọi khung,"Xu hướng chính làm bộ lọc, Entry theo xu hướng phụ đảo chiều cùng hướng",4
dxy-correlation-regimes,DXY Correlation Regimes,"Theo dõi tương quan lợi nhuận cuốn chiếu giữa mã đang xem và DXY, phân loại chế độ mạnh, vừa, tách rời và đưa bộ lọc thiên hướng Long.",LOC_XU_HUONG,MOT_PHAN,Mọi khung,Tương quan nghịch mạnh + DXY giảm làm bộ lọc Long cho XAU/USD,4
ehlers-supersmoother,Ehlers SuperSmoother,"Bộ lọc SuperSmoother của Ehlers làm mượt giá ít trễ, tô màu theo độ dốc, cảnh báo giá cắt qua và đổi độ dốc.",LOC_XU_HUONG,RO,Mọi khung,"Thay EMA làm đường xu hướng + Entry khi đổi độ dốc, lọc biến động",4
elastic-volume-weighted-ma,Elastic Volume-weighted MA,"Đường trung bình co giãn theo khối lượng (eVWMA) của Fries, nến khối lượng lớn kéo đường mạnh, kèm đường cặp và cảnh báo giãn 10%.",LOC_XU_HUONG,RO,Mọi khung,"Cắt cặp eVWMA làm Entry, giãn quá xa làm cảnh báo chốt lời",4
elliptic-filter,Elliptic Filter,"Bộ lọc thông thấp elliptic (Cauer) bậc 4 làm mượt giá với độ trễ thấp, cảnh báo đổi hướng và giá cắt qua.",LOC_XU_HUONG,RO,Mọi khung,Đổi hướng bộ lọc làm Entry + bộ lọc xu hướng khung lớn + SL theo ATR,4
embedded-readings,Embedded Readings,"Theo dõi Stochastic/RSI/Williams %R bị ghim ở vùng cực trị 3 nến liên tiếp, biến tín hiệu quá mua/bán thành xác nhận xu hướng mạnh.",LOC_XU_HUONG,MOT_PHAN,Mọi khung,Chặn lệnh đánh ngược khi đang ghim + Entry hồi theo xu hướng mạnh,4
evasive-supertrend,Evasive SuperTrend,"Supertrend cải tiến: khi giá lấn vào vùng nhiễu theo ATR, dải tự giãn ra thay vì bị chạm, giảm đảo chiều giả khi thị trường đi ngang.",LOC_XU_HUONG,MOT_PHAN,Mọi khung,"Đổi màu dải làm Entry theo xu hướng, dải làm SL trượt",4
even-better-sinewave,Even-better Sinewave,Even Better Sinewave của Ehlers dao động -1 đến +1; ghim trên 0.9 trong 5 nến xác nhận đang có xu hướng thay vì chu kỳ.,LOC_XU_HUONG,MOT_PHAN,Mọi khung,Bão hòa → hệ theo xu hướng; dao động → hệ đảo chiều về giữa,4
fractal-nesting,Fractal Nesting,"Ba cấp cấu trúc swing lồng nhau (ngắn, trung, dài hạn) trên một biểu đồ; tô nền khi cả ba cùng chiều và alert đỉnh/đáy mới, đồng thuận.",LOC_XU_HUONG,RO,Mọi khung,Ghép Entry khung nhỏ khi đồng thuận ba cấp + SL dưới swing,4
gmma-ma-ribbon,GMMA / MA Ribbon,"Dải GMMA của Guppy gồm nhóm EMA ngắn 3-15 và dài 30-60, tô màu theo quan hệ hai nhóm; alert khi dải cắt nhau.",LOC_XU_HUONG,MOT_PHAN,Mọi khung,Ghép Entry khi nhóm ngắn hồi về nhóm dài + SL theo ATR,4
harmonic-ma,Harmonic MA,"MA trung bình điều hòa 20 nến so với SMA cùng độ dài, tô màu độ dốc; alert khi giá cắt đường và độ dốc đổi chiều.",LOC_XU_HUONG,RO,Mọi khung,Ghép Entry hồi chạm đường + SL theo ATR,4
hilbert-transform,Hilbert Transform,"Bộ máy chu kỳ Hilbert của Ehlers đo chu kỳ trội, vẽ sóng sin và đường dẫn; alert chu kỳ quay đầu, chế độ xu hướng hoặc chu kỳ.",LOC_XU_HUONG,RO,Mọi khung,Chọn hệ xu hướng hay đảo chiều theo chế độ; Entry khi chu kỳ quay đầu,4
htf-candle-consistency,HTF Candle Consistency,"Tô màu nến theo biểu quyết có trọng số hướng nến của tối đa 10 khung lớn hơn, kèm bảng thống kê từng khung; dùng làm bộ lọc xu hướng.",LOC_XU_HUONG,MOT_PHAN,Mọi khung,"Chỉ Buy khi nến xanh, Sell khi đỏ; ghép tín hiệu Entry khung nhỏ",4
hurst-exponent,Hurst Exponent,"Ước lượng số mũ Hurst bằng phân tích R/S cửa sổ trượt, phân loại chế độ xu hướng (>0,5) hay hồi về trung bình (<0,5), có cảnh báo.",LOC_XU_HUONG,MOT_PHAN,Mọi khung,"Bật hệ theo xu hướng khi H cao, hệ hồi về trung bình khi H thấp",4
hypertrend,HyperTrend,"Ước lượng xu hướng tuyến tính thời gian thực không vẽ lại, bọc kênh có biên làm hỗ trợ/kháng cự; độ dốc cho biết xu hướng.",LOC_XU_HUONG,MOT_PHAN,Mọi khung,"Lọc hướng theo độ dốc, Entry khi râu chạm biên kênh, SL ngoài biên",4
implied-volatility,Implied Volatility,"Vẽ chỉ số biến động ngầm theo mã (GVZ cho vàng, VIX, EVZ…) với IV Rank/Percentile, dải chế độ, biến động thực tế và biên độ kỳ vọng 30 ngày, có cảnh báo.",LOC_XU_HUONG,MOT_PHAN,Mọi khung,"Chế độ IV cao nới SL, giảm Lot; IV thấp ưu tiên hệ phá vỡ",4
impulse-leg,Impulse Leg,"Chấm điểm từng đoạn zigzag theo 5 tiêu chí (quãng đường, tốc độ, tỷ lệ nến cùng hướng, chồng lấn, mức hồi), gắn nhãn sóng đẩy xác nhận, có cảnh báo.",LOC_XU_HUONG,MOT_PHAN,Mọi khung,"Hướng sóng đẩy làm thiên hướng, Entry khi hồi về gốc sóng, SL tại gốc",4
kagi,Kagi,"Dựng đường Kagi từ giá đóng, chỉ đảo khi đủ biên đảo (mặc định theo ATR), đường dày yang/mỏng yin khi phá vai/eo trước, có mức kích hoạt và cảnh báo.",LOC_XU_HUONG,RO,Mọi khung,"Lật yang làm Buy, lật yin làm Sell/Exit; SL tại mức eo/vai",4
linear-regression,Linear Regression,"Hồi quy tuyến tính bình phương tối thiểu trên 100 nến, hiển thị đường hồi quy, độ dốc hoặc kênh ±2 độ lệch chuẩn để đọc xu hướng và vùng giá lệch.",LOC_XU_HUONG,MOT_PHAN,Mọi khung,"Dùng độ dốc làm bộ lọc xu hướng + Entry khi chạm biên kênh, SL theo ATR",4
machine-learning-moving-average,Machine Learning Moving Average,"Đường trung bình dựa trên hồi quy quá trình Gauss với dải biên, đổi màu theo xu hướng và đánh dấu điểm xoay khi giá thoát dải.",LOC_XU_HUONG,MOT_PHAN,Mọi khung,"Đổi màu làm bộ lọc xu hướng, Entry hồi về đường, SL ngoài dải",4
multi-timeframe-market-formation,Multi Timeframe Market Formation,"Phân loại cấu trúc thành tăng, giảm, co lại, mở rộng, đi ngang trên khung hiện tại và tới năm khung lớn, nhãn đậm dần khi các khung đồng bộ.",LOC_XU_HUONG,MOT_PHAN,Mọi khung,Làm bộ lọc đồng thuận đa khung + Entry từ cấu trúc khung nhỏ,4
polarized-fractal-efficiency,Polarized Fractal Efficiency,"Đo hiệu quả di chuyển giá trong 10 nến có dấu hướng: gần ±100 là xu hướng một chiều, gần 0 là đi ngang, cảnh báo vào/ra chế độ xu hướng.",LOC_XU_HUONG,MOT_PHAN,Mọi khung,Lọc chế độ xu hướng trên ±50 + Entry hồi theo hướng,4
polynomial-regression-band,Polynomial Regression Band,Khớp đa thức bậc 2 cho 100 giá đóng kèm dải 2 độ lệch chuẩn; đường điểm cuối không vẽ lại điều khiển mọi cảnh báo dốc và hồi về dải.,LOC_XU_HUONG,MOT_PHAN,Mọi khung,"Lọc theo độ dốc điểm cuối + Entry hồi về dải, SL theo ATR",4
proximal-range-filter,Proximal Range Filter,"Đường lọc xu hướng chỉ di chuyển khi giá vượt ngưỡng theo biến động (soft-thresholding L1), đổi màu xanh/đỏ theo chế độ, chấm tại điểm đổi.",LOC_XU_HUONG,MOT_PHAN,Mọi khung,"Lọc xu hướng + Entry khi đổi màu, SL theo đường lọc",4
r-squared-trend-fit,R-squared Trend Fit,"Đo R-squared hồi quy 20 nến với ngưỡng ý nghĩa thống kê 95%, kết hợp độ dốc để xác nhận xu hướng sạch hay nhiễu, 5 cảnh báo.",LOC_XU_HUONG,MOT_PHAN,Mọi khung,Lọc chế độ xu hướng/đi ngang cho hệ Entry theo xu hướng,4
rainbow-ma-stack,Rainbow MA Stack,"Chồng tới 10 đường trung bình dạng dải màu, theo dõi xếp chồng tăng/giảm hoàn toàn, độ rộng dải nén/giãn theo phân vị, 7 cảnh báo.",LOC_XU_HUONG,MOT_PHAN,Mọi khung,Lọc xếp chồng hoàn toàn + Entry khi giá hồi về dải,4
random-walk-index,Random Walk Index,"RWI High/Low quét độ dài 8-64 nến so với bước ngẫu nhiên theo ATR, xác nhận xu hướng khi vượt 1, cảnh báo chế độ và cạn kiệt.",LOC_XU_HUONG,MOT_PHAN,Mọi khung,"Lọc xu hướng trên ngưỡng 1 + Entry hồi, thoát khi cạn kiệt",4
rma,RMA,"Đường trung bình RMA của Wilder (14) tô màu theo độ dốc, tùy chọn RMA 50 để tạo cặp cắt nhau, cảnh báo giá cắt, đổi độ dốc và cặp cắt nhau.",LOC_XU_HUONG,RO,Mọi khung,Độ dốc làm lọc xu hướng + Entry khi hồi về đường + SL theo ATR,4
seek-and-destroy-profile,Seek & Destroy Profile,"Phân loại ngày quét hai đầu: đóng băng vùng giá sớm (00:00-08:30 giờ New York) và đỉnh/đáy ngày trước, kiểm tra quét, chấp nhận giá, bứt tốc; báo khi nên đứng ngoài.",LOC_XU_HUONG,MOT_PHAN,Trong ngày (giờ New York),Tắt hệ thống phá vỡ khi ngày quét hai đầu; Entry quét ngược tại mức tham chiếu,4
sine-weighted-ma,Sine-weighted MA,"Đường trung bình trọng số hình sin 20 nến, tô màu theo độ dốc, có cặp giao cắt nhanh/chậm và cảnh báo giao cắt giá.",LOC_XU_HUONG,RO,Mọi khung,Dùng độ dốc làm bộ lọc xu hướng + tín hiệu Entry từ vùng hồi,4
strength-weakness-background,Strength/weakness Background,"Tô nền biểu đồ theo cán cân sự kiện khối lượng-biên độ (stopping khối lượng, shakeout, upthrust, không cầu...) suy giảm trong 30 nến.",LOC_XU_HUONG,MOT_PHAN,Mọi khung,"Chỉ Buy khi nền mạnh, Sell khi nền yếu + tín hiệu Entry cấu trúc",4
supertrend-ai-clustering,SuperTrend AI (Clustering),"Supertrend tự chọn hệ số bằng phân cụm k-means theo hiệu suất các hệ số, trailing stop dùng nhóm tốt nhất, tín hiệu kèm điểm hiệu suất.",LOC_XU_HUONG,RO,Mọi khung,Lọc tín hiệu theo điểm hiệu suất + trailing SL chính đường Supertrend,4
t3,T3,"Đường T3 của Tillson (sáu EMA xếp tầng) tô màu độ dốc, có cặp giao cắt nhanh/chậm và cảnh báo cắt giá, đổi độ dốc.",LOC_XU_HUONG,RO,Mọi khung,Độ dốc T3 làm bộ lọc + giao cắt cặp làm tín hiệu Entry,4
trend-intensity-index,Trend Intensity Index,"Trend Intensity Index: tỷ lệ độ lệch dương so với SMA 60 trong 30 nến, thang 0-100, mức 80/20 xác định xu hướng mạnh.",LOC_XU_HUONG,MOT_PHAN,Mọi khung,Ghép tín hiệu Entry theo hồi + chỉ vào khi TII trên 80/dưới 20,4
trend-quality-composites,Trend-quality Composites,"Điểm chất lượng xu hướng 0-100 tổng hợp năm thành phần (RAVI, Efficiency Ratio, độ nhất quán, R-bình phương, độ dốc theo ATR), ngưỡng 60/40.",LOC_XU_HUONG,MOT_PHAN,Mọi khung,"Ghép tín hiệu Entry xu hướng, chỉ giao dịch khi tầng chất lượng cao",4
uhl-adaptive-ma,UHL Adaptive MA,"Đường trung bình hiệu chỉnh Uhl: phẳng khi nhiễu, bước theo SMA khi chuyển động có ý nghĩa, kèm đường bước nhanh và cảnh báo giao cắt.",LOC_XU_HUONG,RO,Mọi khung,Ghép Entry hồi theo hướng bước + SL theo ATR,4
ultimate-smoother,Ultimate Smoother,"Ultimate Smoother của Ehlers: bộ lọc giá gần như không trễ, màu theo độ dốc, tùy chọn đường chậm để giao cắt.",LOC_XU_HUONG,MOT_PHAN,Mọi khung,Ghép giao cắt nhanh/chậm + SL theo ATR,4
value-migration,Value Migration,"Xây vùng giá trị mỗi phiên và phân loại dịch chuyển so với phiên trước (cao hơn, thấp hơn, chồng lấn), đo chuỗi dịch chuyển.",LOC_XU_HUONG,MOT_PHAN,Phiên ngày,Ghép thiên hướng phiên + Entry trong ngày theo hướng dịch chuyển,4
vertical-horizontal-filter,Vertical Horizontal Filter,"Vertical Horizontal Filter so với SMA hoặc phân vị để phân biệt chế độ xu hướng và đi ngang, cảnh báo đổi chế độ.",LOC_XU_HUONG,MOT_PHAN,Mọi khung,"Ghép hệ xu hướng khi VHF tăng, hệ về trung bình khi giảm",4
volatility-regime-switches,Volatility Regime Switches,"Phân loại biến động Yên tĩnh/Bình thường/Căng thẳng bằng máy trạng thái có trễ và xác nhận 2 nến, cảnh báo chuyển chế độ.",LOC_XU_HUONG,MOT_PHAN,Mọi khung,"Ghép bật hệ xu hướng khi Căng thẳng, về trung bình khi Yên tĩnh",4
volatility-switch,Volatility Switch,"Volatility Switch của McEwan: phân vị độ lệch chuẩn thay đổi giá 0-1, trên 0.5 ưu tiên về trung bình, dưới 0.5 ưu tiên xu hướng.",LOC_XU_HUONG,MOT_PHAN,Mọi khung,Ghép chọn hệ xu hướng hoặc về trung bình theo chế độ,4
volume-adjusted-ma,Volume-adjusted MA,"Đường trung bình điều chỉnh khối lượng của Arms, cửa sổ co giãn theo khối lượng, màu độ dốc và cảnh báo giao cắt giá.",LOC_XU_HUONG,RO,Mọi khung,Ghép Entry hồi về đường + SL theo ATR,4
vortex-indicator,Vortex Indicator,"Vortex với VI+ và VI- chuẩn hóa theo true biên độ; giao cắt hai đường báo đổi hướng xu hướng, có cảnh báo.",LOC_XU_HUONG,RO,Mọi khung,"Lọc hướng bằng VI+ > VI-, Entry theo tín hiệu hồi + SL theo ATR",4
williams-alligator,Williams Alligator,"Williams Alligator ba SMMA 13/8/5 dịch tới trước; thứ tự và độ mở cho biết xu hướng hay đi ngang, cảnh báo thức dậy.",LOC_XU_HUONG,MOT_PHAN,Mọi khung,"Chỉ vào lệnh khi hàm mở cùng chiều, ghép Williams Fractal làm Entry",4
windowed-fir-smoothing,Windowed FIR Smoothing,"Đường trung bình FIR có trọng số cửa sổ Hann/Hamming/Tam giác, tô màu theo độ dốc, cặp nhanh/chậm và cảnh báo giao cắt.",LOC_XU_HUONG,RO,Mọi khung,"Lọc hướng bằng độ dốc, Entry khi cặp giao cắt + SL theo ATR",4
wyckoff-method,Wyckoff Method,"Phân loại chu kỳ Wyckoff tích lũy, tăng giá, phân phối, giảm giá bằng hành động dừng và phản ứng theo ATR, có hộp vùng và mục tiêu.",LOC_XU_HUONG,RO,Mọi khung,"Dùng giai đoạn tăng/giảm làm bộ lọc, Entry khi phá vỡ vùng, TP mục tiêu",4
zlema,ZLEMA,"ZLEMA 21 kỳ khử trễ, tô màu theo độ dốc, cặp ZLEMA nhanh/chậm và cảnh báo giá cắt, đổi độ dốc, giao cắt cặp.",LOC_XU_HUONG,RO,Mọi khung,"Lọc hướng bằng độ dốc ZLEMA, Entry khi giá cắt + SL theo ATR",4
day-type-taxonomy,Day-type Taxonomy,"Phân loại mỗi phiên theo kiểu ngày Market Profile từ biên độ đầu phiên và mức mở rộng, có cảnh báo ngày xu hướng đang hình thành.",PHIEN_THOI_GIAN,MOT_PHAN,Trong ngày (khung phút),Ngày xu hướng → theo phá vỡ biên độ đầu phiên; ngày trung tính → đánh ngược về giữa,4
gap-rules-interaction,Gap Rules Interaction,"Đọc gap mở cửa so với vùng giá hôm trước và khoảng mở cửa 30 phút, phân loại chấp nhận/từ chối gap; alert tiếp diễn và mờ gap.",PHIEN_THOI_GIAN,RO,Trong ngày (khoảng mở cửa 30 phút),Ghép SL theo biên khoảng mở cửa + TP mức hôm trước,4
quarterly-theory,Quarterly Theory,"Chia biểu đồ thành chu kỳ Q1-Q4 (mặc định ngày) theo giờ New York, gắn pha AMDX, giá mở thật, vùng Q1 và dấu hiệu thao túng kèm 9 cảnh báo.",PHIEN_THOI_GIAN,MOT_PHAN,"Chu kỳ ngày mặc định, từ năm đến 90 phút",Lọc giá trên/dưới giá mở thật + Entry khi quét Q1 thất bại,4
session-and-weekly-profiles,Session & Weekly Profiles,"Đồng hồ phiên kiểu ICT: tô Asia, killzone London/New York, London đóng cửa; biên Asia với nhãn quét Judas, mở cửa tuần và phân loại mẫu ngày/tuần, nhiều cảnh báo.",PHIEN_THOI_GIAN,RO,Trong ngày (M5-H1),Quét Judas + CHoCH khung nhỏ làm Entry + SL ngoài điểm quét,4
loss-control-rules,Loss-control Rules,"Lớp ngắt mạch tài khoản: giới hạn lỗ 3R mỗi kỳ, dừng sau 3 lệnh thua, thời gian chờ và giới hạn số lệnh, có cảnh báo khi chặn hoặc cho phép giao dịch.",QUAN_LY_VON,RO,Mọi khung,Đặt làm lớp chặn trên mọi tín hiệu Entry của hệ thống,4
1-2-3-reversal,1-2-3 Reversal,"Nhận diện mẫu hình đảo chiều 1-2-3: đánh số đỉnh/đáy, mức kích hoạt tại điểm 2 và mức vô hiệu tại điểm 1, có 6 cảnh báo hình thành/kích hoạt/vô hiệu.",TIN_HIEU_ENTRY,RO,Mọi khung,Ghép bộ lọc xu hướng khung lớn + SL tại điểm 1 hoặc điểm 3,4
3-step-institutional-trap,3-Step Institutional Trap,"Bẫy tổ chức 3 bước: quét đỉnh/đáy gần, đóng cửa quay lại trong mức, rồi phá cực trị nến bẫy mới in tín hiệu Buy/Sell đảo chiều.",TIN_HIEU_ENTRY,RO,Mọi khung,Ghép vùng thanh khoản phiên + bộ lọc xu hướng + SL ngoài râu quét,4
abcd,ABCD,"Phát hiện mẫu hình AB=CD từ các đỉnh/đáy xác nhận, chiếu điểm D ở tỷ lệ 1.0/1.272/1.618; cảnh báo khi hình thành, chạm D và hoàn tất.",TIN_HIEU_ENTRY,RO,Mọi khung,Ghép xác nhận động lượng tại D + SL ngoài mức mở rộng 1.618,4
amd-fvg-trade-setup,AMD FVG Trade Setup,"Nhận diện chu kỳ tích lũy-thao túng-phân phối trong phiên chọn, xác nhận bằng FVG vượt ngưỡng ATR rồi phát Long/Short kèm vùng SL/TP theo R:R.",TIN_HIEU_ENTRY,RO,Khung trong ngày,Ghép bộ lọc xu hướng khung H1-H4 + lọc phiên London/New York,4
auction-failure,Auction Failure,"Theo dõi các cú thăm dò vượt tối đa 8 mức tham chiếu phiên (đỉnh/đáy phiên trước, cân bằng đầu phiên, vùng giá trị) và xác nhận chấp nhận hoặc thất bại kèm mục tiêu xoay.",TIN_HIEU_ENTRY,RO,Khung trong ngày,Ghép SL ngoài cực trị cú thăm dò + TP tại mục tiêu xoay,4
belt-hold,Belt Hold,"Nhận diện nến Belt Hold tăng/giảm ngược xu hướng 14 nến, gắn nhãn, kéo mức vô hiệu tại cực trị mở cửa và tùy chọn xác nhận nến sau.",TIN_HIEU_ENTRY,RO,Mọi khung,Ghép vùng hỗ trợ/kháng cự + SL tại mức vô hiệu,4
breaker-blocks-with-signals,Breaker Blocks with Signals,"Nhận diện breaker block sau dịch chuyển cấu trúc thị trường, phát tín hiệu Entry khi giá kiểm tra lại, kèm mức đỉnh/đáy swing làm TP và SL.",TIN_HIEU_ENTRY,RO,Mọi khung,Ghép lọc xu hướng khung lớn + khung phiên London/New York,4
candle-2-closure,Candle 2 Closure,"Chuỗi 4 nến phá vỡ thất bại theo khung TTrades Fractal: nến vượt biên nến trước rồi đóng cửa quay lại, kèm vùng cân bằng và cảnh báo.",TIN_HIEU_ENTRY,RO,Mọi khung,Ghép mức đỉnh/đáy khung lớn + lọc phiên London/New York,4
cardwell-positive-negative-reversals,Cardwell Positive/negative Reversals,"Phát hiện đảo chiều dương/âm Cardwell trên RSI 14 tại swing xác nhận, lọc SMA 200, vẽ mục tiêu đo lường và cảnh báo.",TIN_HIEU_ENTRY,RO,Mọi khung,Ghép vùng giá hỗ trợ/kháng cự + SL dưới swing,4
channel-continuation,Channel Continuation,"Phát hiện kênh điều chỉnh song song trong xu hướng rõ, báo phá vỡ tiếp diễn với mục tiêu đo lường, cảnh báo phá ngược và phá vỡ giả.",TIN_HIEU_ENTRY,RO,Mọi khung,Ghép lọc xu hướng khung lớn + SL ngoài biên kênh,4
climactic-action,Climactic Action,"Đánh dấu cao trào bán/mua (khối lượng ≥2.5 lần, biên độ ≥2 lần) tại cực trị, theo dõi xác nhận, vô hiệu và kiểm tra lại theo Wyckoff.",TIN_HIEU_ENTRY,RO,Mọi khung,Ghép vùng hỗ trợ/kháng cự + Entry ở kiểm tra lại (lưu ý khối lượng Tick),4
cointegration,Cointegration,"Kiểm định đồng liên kết Engle-Granger cuộn với mã so sánh, tính tỷ lệ phòng hộ, Entry khi điểm chuẩn hóa chênh lệch vượt ±2 và thoát khi hồi về.",TIN_HIEU_ENTRY,RO,Mọi khung,Trade cặp XAU/USD với bạc hoặc chỉ số USD + SL theo độ lệch,4
compression-into-level,Compression Into Level,"Phát hiện giá nén vào hỗ trợ/kháng cự đã kiểm tra ≥2 lần qua ≥3 nhịp co hẹp, báo phá vỡ hoặc bị từ chối kèm mục tiêu.",TIN_HIEU_ENTRY,RO,Mọi khung,Ghép lọc xu hướng + SL ngoài mức + khung phiên,4
continuation,Continuation,"Máy trạng thái tiếp diễn: xác định xu hướng từ swing, đóng hộp nhịp nghỉ, xác nhận khi giá vượt cực trị với hồi <61.8%, kèm mức SL.",TIN_HIEU_ENTRY,RO,Mọi khung,Ghép lọc khung lớn + TP theo R:R cố định,4
corrective-leg,Corrective Leg,"Phân loại nhịp ngược xu hướng là điều chỉnh (nông, điển hình, sâu) theo độ sâu, tốc độ, chồng lấn nến; báo xu hướng tiếp diễn và vô hiệu.",TIN_HIEU_ENTRY,RO,Mọi khung,Entry khi xu hướng tiếp diễn sau nhịp nông + SL dưới đáy hồi,4
crt-sweep-setup-highlighter,CRT Sweep & Setup Highlighter,"Chiếu đỉnh/đáy khung lớn trước, báo khi giá quét rồi đóng cửa quay lại, cần FVG hoặc dịch chuyển cấu trúc để xác nhận, vẽ vùng Entry, SL, TP.",TIN_HIEU_ENTRY,RO,Mọi khung,Ghép lọc phiên London/New York + lọc xu hướng khung lớn,4
cypher,Cypher,"Phát hiện mẫu hình Cypher XABCD từ swing xác nhận, chiếu điểm D tại 0.786 của XC, kèm mục tiêu theo nhịp CD, SL tại X và cảnh báo.",TIN_HIEU_ENTRY,RO,Mọi khung,Entry tại D khi có nến xác nhận + lọc xu hướng khung lớn,4
dark-cloud-cover,Dark Cloud Cover,"Phát hiện mẫu nến đảo chiều giảm Dark Cloud Cover có lọc xu hướng tăng, đỉnh mới và khối lượng, kèm mức kích hoạt và SL.",TIN_HIEU_ENTRY,RO,Mọi khung,Ghép vùng kháng cự/khối lệnh + bộ lọc xu hướng khung lớn,4
divergence-variants-and-confirmation,Divergence Variants & Confirmation,"Phát hiện phân kỳ thường, ẩn, phóng đại trên RSI, Stochastic, MACD, ROC và chỉ xác nhận khi giá phá cấu trúc trong 30 nến.",TIN_HIEU_ENTRY,RO,Mọi khung,Phân kỳ đã xác nhận + vùng hỗ trợ/kháng cự + SL ngoài đỉnh/đáy,4
dragonfly-doji,Dragonfly Doji,"Nhận diện nến Dragonfly Doji theo quy tắc định lượng sau nhịp giảm, theo dõi xác nhận 3 nến với mức kích hoạt và SL.",TIN_HIEU_ENTRY,RO,Mọi khung,Ghép vùng hỗ trợ/khối lệnh + bộ lọc xu hướng khung lớn,4
eqh-eql-fvg-breakouts,EQH/EQL FVG Breakouts,Nhận diện đỉnh bằng/đáy bằng làm vùng thanh khoản và xác nhận phá vỡ khi có FVG cùng biên độ ATR đi kèm.,TIN_HIEU_ENTRY,RO,Mọi khung,Phá vỡ có FVG làm Entry + SL dưới FVG + TP vùng thanh khoản kế tiếp,4
evening-star,Evening Star,"Nhận diện mẫu nến Evening Star ba nến theo kích thước thân tương đối, có lọc xu hướng tăng, RSI, khối lượng và mức kích hoạt/SL.",TIN_HIEU_ENTRY,RO,Mọi khung,Ghép vùng kháng cự + bộ lọc xu hướng khung lớn cho lệnh Sell,4
exhaustion-gap,Exhaustion Gap,"Gắn cờ khoảng trống giá cuối xu hướng kéo dài có khối lượng cao, rồi xác nhận kiệt sức khi lấp trong 5 nến hoặc thành đảo.",TIN_HIEU_ENTRY,RO,Mọi khung (cần thị trường có khoảng trống giá),Entry đảo chiều khi lấp khoảng trống + SL ngoài cực trị,4
exotic-harmonics,Exotic Harmonics,"Phát hiện mẫu hình hài hòa hiếm Nen Star, White Swan, Black Swan XABCD theo tỷ lệ Fibonacci, kèm vô hiệu và mục tiêu 0.382/0.618.",TIN_HIEU_ENTRY,RO,Mọi khung,"Hoàn thành tại điểm D + nến xác nhận, SL mức vô hiệu, TP 0.382/0.618",4
flat-base,Flat Base,"Phát hiện nền phẳng kiểu IBD sau nhịp tăng, vẽ hộp, đường mua pivot, mức SL đáy nền và chấm điểm chất lượng; báo phá vỡ có khối lượng.",TIN_HIEU_ENTRY,RO,"Khung ngày, tuần (cổ phiếu), dùng được mọi khung","Ghép bộ lọc xu hướng + xác nhận khối lượng, SL đáy nền",4
fvg-instantaneous-mitigation-signals,FVG Instantaneous Mitigation Signals,"Phát tín hiệu ngược chiều khi FVG bị lấp ngay nến kế tiếp, kèm vùng TP, SL theo ATR và SL trượt có quy tắc đặt lại.",TIN_HIEU_ENTRY,RO,Mọi khung,"Ghép bộ lọc xu hướng khung lớn, cần tự thêm alert",4
gap-fill-breakouts,Gap Fill Breakouts,"Theo dõi FVG lọc theo ATR co lại khi bị lấp, phát tam giác khi giá phá pivot cấu trúc gần FVG còn hiệu lực; có alert phá vỡ.",TIN_HIEU_ENTRY,RO,Mọi khung,Ghép bộ lọc xu hướng + SL dưới pivot bị phá,4
gravestone-doji,Gravestone Doji,"Phát hiện nến Gravestone Doji sau nhịp tăng, vẽ mức kích hoạt và SL, in tam giác khi đóng cửa xác nhận đảo chiều hoặc dấu chéo khi vô hiệu.",TIN_HIEU_ENTRY,RO,Mọi khung,"Ghép vùng kháng cự + bộ lọc xu hướng, cần thêm alert",4
hanging-man,Hanging Man,"Phát hiện nến Hanging Man sau nhịp tăng, vẽ mức kích hoạt và SL, chờ xác nhận hoặc vô hiệu trong cửa sổ; có alert đầy đủ.",TIN_HIEU_ENTRY,RO,Mọi khung,Ghép vùng kháng cự + bộ lọc xu hướng khung lớn,4
harami,Harami,"Phát hiện Harami tăng/giảm có lọc thân nến và xu hướng trước, vẽ mức kích hoạt và mức hủy; alert khi xuất hiện, xác nhận, vô hiệu.",TIN_HIEU_ENTRY,RO,Mọi khung,Ghép vùng hỗ trợ/kháng cự + SL qua mức hủy,4
hidden-divergence,Hidden Divergence,"Quét phân kỳ ẩn giữa swing giá và RSI, Stochastic, CCI, MACD, lọc theo cấu trúc hoặc MA khung lớn; alert tín hiệu và vô hiệu.",TIN_HIEU_ENTRY,RO,Mọi khung,Ghép vùng hỗ trợ/kháng cự + SL qua mức vô hiệu,4
high-wave-candle,High-wave Candle,"Đánh dấu nến High-wave hai bóng dài thân nhỏ, kéo dài đỉnh/đáy thành khung chờ phá; alert khi xuất hiện và khi phá lên/xuống.",TIN_HIEU_ENTRY,RO,Mọi khung,Ghép bộ lọc xu hướng + SL phía đối diện nến,4
horns-pattern-identifier,Horns Pattern Identifier,"Quét mẫu hình sừng đỉnh/đáy (thường và đảo ngược), vẽ mức xác nhận và TP đo lường, in nhãn tăng/giảm khi giá phá mức xác nhận.",TIN_HIEU_ENTRY,RO,Mọi khung,"Ghép bộ lọc xu hướng khung lớn + SL theo ATR, TP theo mục tiêu mẫu hình",4
htf-cisd-projections,HTF CISD Projections,"Phát hiện thiết lập CISD, chiếu tối đa 5 mức mục tiêu theo hệ số từ vùng ban đầu, chỉ lấy thiết lập thuận EMA khung 1H và 4H.",TIN_HIEU_ENTRY,RO,Mọi khung,"Dùng mức chiếu làm TP, SL ngoài vùng ban đầu; thêm lọc phiên London/New York",4
htf-reversal-divergences,HTF Reversal Divergences,"Đánh dấu nến đảo chiều khung lớn (nhấn chìm, pin bar) kết hợp phân kỳ RSI thường, kèm chiếu nến khung lớn đang chạy và cảnh báo.",TIN_HIEU_ENTRY,RO,Khung nhỏ hơn khung lớn đã chọn,Ghép vùng hỗ trợ/kháng cự khung lớn + SL ngoài râu nến đảo chiều,4
htf-sweep-signals,HTF Sweep Signals,"In tam giác khi giá quét đỉnh/đáy nến khung lớn trước rồi đóng lại bên trong, vẽ vùng giá khung lớn, có tùy chọn lọc theo hướng nến trước.",TIN_HIEU_ENTRY,RO,Khung nhỏ hơn khung lớn đã chọn,"Ghép lọc xu hướng khung lớn + SL ngoài râu quét, TP phía đối diện vùng",4
htf-swing-structure-signals,HTF Swing Structure Signals,"Gắn nhãn BOS/CHoCH, lọc bằng EMA khung lớn, tự vẽ mức hồi 50% sau phá vỡ thuận xu hướng và in tam giác khi giá chạm mức đó.",TIN_HIEU_ENTRY,RO,Mọi khung,"SL dưới đáy sóng phá vỡ, TP tại đỉnh cũ; thêm lọc phiên",4
ict-unicorn-model,ICT Unicorn Model,"Phát hiện mẫu Unicorn (FVG chồng breaker block sau đảo cấu trúc), xác nhận khi giá kiểm tra lại FVG, vẽ sẵn vùng TP/SL và tùy chọn SL kéo theo.",TIN_HIEU_ENTRY,RO,Mọi khung,Ghép lọc xu hướng khung lớn + phiên London/New York; đã có sẵn TP/SL,4
initial-balance-breakout-signals,Initial Balance Breakout Signals,"Vẽ biên độ giờ đầu phiên (IB) hoặc phiên tùy chọn, báo tín hiệu phá vỡ khỏi biên, kèm mức mở rộng, Fibonacci và dự báo từ hành vi IB lịch sử.",TIN_HIEU_ENTRY,RO,Khung trong ngày,"SL giữa biên IB, TP theo mức mở rộng; lọc xu hướng khung lớn",4
inverse-head-and-shoulders,Inverse Head & Shoulders,"Phát hiện vai-đầu-vai ngược từ điểm xoay 10 nến, kéo đường cổ tới khi đóng phá vỡ xác nhận, rồi theo dõi mục tiêu, kiểm tra lại và SL dưới vai phải.",TIN_HIEU_ENTRY,RO,Mọi khung,Đã có TP/SL; thêm lọc xu hướng khung lớn và xác nhận khối lượng,4
luminance-breakout-engine,Luminance Breakout Engine,"Gộp bốn tốc độ ROC thành dao động tổng hợp, báo vùng phá vỡ khi vượt dải biến động và đánh dấu order block tại gốc nhịp kèm tỷ lệ khối lượng mua/bán.",TIN_HIEU_ENTRY,RO,Mọi khung,"Entry theo tín hiệu phá vỡ cùng bộ lọc xu hướng, SL dưới order block",4
market-maker-models,Market Maker Models,"Theo dõi mô hình Market Maker ICT: vùng tích lũy gốc, nhịp dịch chuyển, đảo chiều smart money và nhịp quay về lấy các vùng làm mục tiêu, có 10 cảnh báo.",TIN_HIEU_ENTRY,RO,Mọi khung,"Entry tại đảo chiều smart money, TP theo bậc mục tiêu, lọc phiên London/New York",4
market-structure-fibonacci-zones-rr,Market Structure & Fibonacci Zones + RR,"Phát hiện BOS, vẽ vùng Fibonacci 50–61,8% phía sau và chờ xác nhận trong vùng rồi tự vẽ hộp R:R với SL tại gốc xu hướng và TP theo tỷ lệ.",TIN_HIEU_ENTRY,RO,Mọi khung,"Ghép bộ lọc xu hướng khung lớn + xác nhận động lượng, dùng hộp R:R sẵn",4
matching-low-high,Matching Low/high,"Phát hiện mẫu hai nến đóng cửa bằng nhau sau xu hướng, kéo dài mức cùng dải dung sai đến khi đóng nến xác nhận giữ hay phá, có 6 cảnh báo.",TIN_HIEU_ENTRY,RO,Mọi khung,"Entry khi mức được giữ xác nhận đảo chiều, SL ngoài dải dung sai",4
measured-move-up-down,Measured-move Up/down,"Phát hiện mẫu hình nhịp đo tăng/giảm: nhịp đầu, điều chỉnh 33–67%, chiếu nhịp hai bằng nhịp đầu với TP, mục tiêu một phần 50% và SL tại cực trị điều chỉnh.",TIN_HIEU_ENTRY,RO,Mọi khung,"Entry cuối nhịp điều chỉnh cùng bộ lọc xu hướng, dùng TP/SL sẵn có",4
mss-sweep-fib-retrace,MSS Sweep Fib Retrace,"Chuỗi quét thanh khoản đỉnh/đáy, chuyển cấu trúc có động lượng xác nhận, rồi Entry tại hồi 50% chân quét, SL/TP theo ATR và lọc EMA 200.",TIN_HIEU_ENTRY,RO,Mọi khung,Ghép bộ lọc phiên London/New York + xu hướng khung lớn,4
n-bar-reversal-detector,N Bar Reversal Detector,"Tổng quát mẫu hình đảo chiều ba nến thành N nến, nến thứ N phá cực trị nến đầu tạo tín hiệu, lọc bằng MA, Supertrend hoặc Donchian.",TIN_HIEU_ENTRY,RO,Mọi khung,Ghép vùng hỗ trợ/kháng cự + SL theo ATR; cần tự thêm cảnh báo,4
no-demand-no-supply-bars,No-demand / No-supply Bars,"Gắn nhãn nến VSA không cầu/không cung (biên độ hẹp, khối lượng thấp hơn hai nến trước), lọc bối cảnh EMA 50, có cảnh báo xác nhận.",TIN_HIEU_ENTRY,RO,Mọi khung,Ghép vùng hỗ trợ/kháng cự + bộ lọc xu hướng khung lớn,4
nr4-nr7-with-breakouts,NR4 & NR7 with Breakouts,"Đánh dấu nến biên độ hẹp NR4/NR7 của Toby Crabel, kéo mức cao/thấp và báo tín hiệu phá vỡ khi nến đóng ngoài khoảng.",TIN_HIEU_ENTRY,RO,Mọi khung,Ghép bộ lọc xu hướng + TP theo bội số khoảng; tự thêm cảnh báo,4
on-neck-in-neck-thrusting,On-neck / In-neck / Thrusting,"Phát hiện ba mẫu hình nến hồi yếu trong xu hướng giảm (on-neck, in-neck, thrusting) và theo dõi đến khi xác nhận tiếp diễn hoặc vô hiệu, có cảnh báo.",TIN_HIEU_ENTRY,RO,Mọi khung,Ghép bộ lọc xu hướng giảm khung lớn + SL trên nến dài,4
opening-range-with-breakouts-targets,Opening Range with Breakouts & Targets,"Vẽ khoảng mở cửa mỗi phiên, báo mũi tên phá vỡ, chiếu thang mục tiêu theo phần trăm độ rộng khoảng, lọc thiên hướng ngày trước.",TIN_HIEU_ENTRY,RO,Trong ngày,Ghép bộ lọc xu hướng + SL giữa khoảng; tự thêm cảnh báo,4
oscillator-swing-failure,Oscillator Swing Failure,"Máy trạng thái bốn bước cho mẫu thất bại sóng Wilder trên RSI/Stochastic/CCI/MFI: pivot cực trị, kích hoạt, phá điểm thất bại thì báo tín hiệu.",TIN_HIEU_ENTRY,RO,Mọi khung,Ghép vùng hỗ trợ/kháng cự + bộ lọc xu hướng khung lớn,4
pennant,Pennant,"Nhận diện mẫu hình cờ đuôi nheo khách quan (cán ≥4 ATR, thân hội tụ) và xác nhận phá vỡ khi đóng nến vượt biên kèm khối lượng tăng, vẽ mục tiêu.",TIN_HIEU_ENTRY,RO,Mọi khung,Ghép lọc xu hướng khung lớn + TP theo mục tiêu đo lường,4
piercing-line,Piercing Line,"Phát hiện mẫu nến đảo chiều tăng Piercing Line có lọc xu hướng SMA 50, vị trí và khối lượng, vẽ mức kích hoạt và mức SL kèm cảnh báo.",TIN_HIEU_ENTRY,RO,Mọi khung,"Ghép vùng hỗ trợ/cầu + lọc xu hướng khung lớn, SL dưới đáy mẫu hình",4
poc-sweep-reclaim,POC Sweep Reclaim,"Tính POC từng nến từ khối lượng khung nhỏ, bắt mẫu râu quét POC rồi nến sau đóng vượt lại, phát tín hiệu BSR/SSR.",TIN_HIEU_ENTRY,RO,Khung trong ngày,Ghép lọc xu hướng khung lớn + SL ngoài râu quét,4
pocket-pivot,Pocket Pivot,"Đánh dấu Pocket Pivot: nến tăng có khối lượng vượt nến giảm lớn nhất 10 phiên, trong bối cảnh giá trên SMA 50, kèm mức SL đáy nến và cảnh báo.",TIN_HIEU_ENTRY,RO,"Khung ngày (gốc cổ phiếu), dùng được mọi khung",Ghép lọc xu hướng + SL đáy nến tín hiệu; lưu ý khối lượng tick XAU/USD,4
point-and-figure,Point & Figure,"Vẽ biểu đồ Point & Figure cạnh nến cuối, đánh dấu phá đỉnh/đáy đôi và ba lên nến giá, đường xu hướng 45° và mục tiêu đếm.",TIN_HIEU_ENTRY,RO,Mọi khung,Ghép lọc xu hướng 45° + TP theo mục tiêu đếm,4
prz-execution,PRZ Execution,"Quản lý kiểm tra vùng đảo chiều harmonic từ lúc chạm đến kết quả: chấm nến cuối, xác nhận Entry, phân loại đảo chiều loại I/II hoặc vô hiệu.",TIN_HIEU_ENTRY,RO,Mọi khung,"Ghép lọc xu hướng khung lớn + SL ngoài vùng, TP theo mức Fibonacci",4
range-average-retest-model,Range Average Retest Model,"Vẽ vùng swing giữa các pivot, phát setup khi giá cắt lại trung bình vùng, kèm vùng TP và SL theo ATR 200 nến.",TIN_HIEU_ENTRY,RO,Mọi khung,"Ghép lọc xu hướng khung lớn, dùng sẵn TP/SL theo ATR",4
rare-candlestick-formations,Rare Candlestick Formations,"Quét các mẫu nến hiếm (advance block, three stars in the south, ladder...) với ngưỡng thích ứng và lọc xu hướng 10 nến, cảnh báo từng mẫu.",TIN_HIEU_ENTRY,RO,Mọi khung,"Ghép vùng hỗ trợ/kháng cự + lọc xu hướng, SL ngoài mẫu hình",4
re-accumulation-vs-re-distribution-diagnosis,Re-accumulation vs Re-distribution Diagnosis,"Khi giá nén thành vùng đi ngang sau một nhịp xu hướng 3 ATR, chấm điểm khả năng tái tích lũy hay tái phân phối qua khối lượng, kiểm tra biên, quét và CHoCH; cảnh báo khi phá vỡ được giữ.",TIN_HIEU_ENTRY,RO,Mọi khung,Ghép bộ lọc xu hướng khung lớn + Entry khi phá vỡ giữ vững + SL ngoài biên vùng,4
re-accumulation,Re-accumulation,"Theo dõi vùng tạm dừng trong xu hướng tăng, gom bằng chứng hấp thụ (đáy cao dần, spring, khối lượng) và xác nhận tái tích lũy khi phá vỡ giữ 3 nến trên vùng.",TIN_HIEU_ENTRY,RO,Mọi khung,Ghép bộ lọc xu hướng tăng khung lớn + Buy khi xác nhận + SL dưới spring/đáy vùng,4
re-distribution,Re-distribution,"Theo dõi vùng tạm dừng trong xu hướng giảm, gom bằng chứng hồi yếu (đỉnh thấp dần, upthrust, khối lượng) và xác nhận tái phân phối khi phá xuống giữ 3 nến.",TIN_HIEU_ENTRY,RO,Mọi khung,Ghép bộ lọc xu hướng giảm khung lớn + Sell khi xác nhận + SL trên upthrust,4
reversal-signals,Reversal Signals,"Bộ đếm ngược xu hướng kiểu TD Sequential gồm pha động lượng 9 nến và pha cạn kiệt 13 nến, in setup Long/Short kèm mức hỗ trợ, kháng cự và mức rủi ro.",TIN_HIEU_ENTRY,RO,Mọi khung,Ghép vùng hỗ trợ/kháng cự + chờ đóng nến + SL theo mức rủi ro của setup,4
rising-falling-three-methods,Rising/falling Three Methods,"Nhận diện mẫu hình tiếp diễn Rising/Falling Three Methods với 2-5 nến giữa nằm trong nến đầu, lọc xu hướng SMA 50, ghi nhãn và kẻ mức vô hiệu.",TIN_HIEU_ENTRY,RO,Mọi khung,Ghép bộ lọc xu hướng khung lớn + SL tại mức vô hiệu + TP theo R:R,4
rsi-bamm,RSI BAMM,"Chuỗi RSI BAMM của Scott Carney: đẩy vượt 70/30, hồi giữ 50, đỉnh/đáy giá thứ hai với RSI yếu hơn tạo vùng hoàn thành 0.886-1.13; tín hiệu đảo chiều khi RSI quay đầu trong vùng.",TIN_HIEU_ENTRY,RO,Mọi khung,SL ngoài vùng 1.13 + TP theo cảnh báo quản lý Exit,4
rubber-band-liquidity-signals,Rubber Band Liquidity Signals,"Chuỗi bốn giai đoạn: xu hướng mạnh, tích lũy hẹp, quét thanh khoản qua biên rồi đóng lại trong vùng, và tín hiệu B khi tiếp diễn thuận xu hướng.",TIN_HIEU_ENTRY,RO,Mọi khung,SL ngoài điểm quét + TP theo nhịp xu hướng trước + lọc phiên,4
schaff-trend-cycle,Schaff Trend Cycle,"Schaff Trend Cycle: MACD 23/50 qua hai lần Stochastic 10 kỳ, thang 0-100; cắt lên 25 báo xu hướng tăng mới, cắt xuống 75 báo giảm, có cảnh báo.",TIN_HIEU_ENTRY,RO,Mọi khung,Ghép bộ lọc xu hướng khung lớn + SL theo ATR,4
session-sweep-ifvg-rr,Session Sweep & iFVG RR,"Tự động setup: theo dõi đỉnh/đáy phiên chọn, xác nhận quét thanh khoản quay lại vùng, Entry khi phá đường xu hướng và vẽ hộp R:R với SL theo iFVG hoặc ATR.",TIN_HIEU_ENTRY,RO,"Trong ngày (London, New York)",Lọc thiên hướng khung lớn + dùng SL/TP có sẵn trong hộp R:R,4
session-sweeps,Session Sweeps,"Đánh dấu khi giá quét đỉnh/đáy phiên Asia, London, New York rồi quay lại, kèm CHoCH và FVG để xác nhận; có cảnh báo động.",TIN_HIEU_ENTRY,RO,Trong ngày,"Quét phiên + CHoCH làm Entry, SL ngoài điểm quét, TP ở biên phiên đối diện",4
signal-forge,Signal Forge,"Bộ tạo tín hiệu hợp lưu 11 bộ lọc (SMA, EMA, MACD, Supertrend, RSI, ADX...) với chế độ đồng thuận tuyệt đối hoặc linh hoạt, tỷ lệ thắng lịch sử và thoát theo ATR.",TIN_HIEU_ENTRY,RO,Mọi khung,Tự lắp hệ thống hợp lưu; thêm lọc phiên và quản lý vốn,4
spinning-top,Spinning Top,"Nhận diện nến spinning top (thân nhỏ, bóng dài) theo quy tắc đo được, phân loại sau đợt tăng/giảm và đánh dấu hướng phá vỡ sau đó.",TIN_HIEU_ENTRY,RO,Mọi khung,Chỉ lấy tín hiệu phá vỡ tại vùng hỗ trợ/kháng cự + bộ lọc xu hướng,4
spring,Spring,"Phát hiện spring Wyckoff dưới vùng đi ngang tự dựng, chấm điểm theo độ xuyên, khối lượng và tốc độ lấy lại, cảnh báo phát hiện/kiểm tra/thất bại.",TIN_HIEU_ENTRY,RO,Mọi khung,"Buy sau Spring đã kiểm tra lại + SL dưới đáy spring, TP biên trên vùng",4
starc-bands,STARC Bands,"Kênh Stoller: SMA 5 nến với dải cách 2 lần ATR 15 nến, đọc chạm dải như giá kéo giãn; cảnh báo chạm, từ chối và cắt đường giữa.",TIN_HIEU_ENTRY,RO,Mọi khung,"Entry đảo về giữa khi từ chối dải + TP đường giữa, lọc thị trường đi ngang",4
support-and-resistance-levels-with-breaks,Support and Resistance Levels with Breaks,"Vẽ hỗ trợ/kháng cự từ pivot và đánh dấu phá vỡ đã qua lọc khối lượng, ký hiệu riêng cho nến phá vỡ nhiều bóng.",TIN_HIEU_ENTRY,RO,Mọi khung,"Entry phá vỡ có lọc khối lượng + SL theo ATR, bộ lọc xu hướng",4
sve-bands,SVE Bands,"Dải SVE của Vervoort bao quanh giá điển hình làm mượt kép, cảnh báo vượt dải, quay về, cắt và đổi độ dốc đường giữa.",TIN_HIEU_ENTRY,RO,Mọi khung,"Độ dốc đường giữa làm hướng + Entry quay về từ dải, TP đường giữa",4
swing-failure-pattern-sfp,Swing Failure Pattern (SFP),"Phát hiện SFP: bóng nến xuyên đỉnh/đáy swing nhưng đóng lại bên trong, có mức xác nhận và lọc khối lượng trong nến.",TIN_HIEU_ENTRY,MOT_PHAN,Mọi khung,Entry khi giá vượt mức xác nhận + SL sau bóng nến SFP,4
the-strat,The Strat,"Đánh số nến theo The Strat (1, 2 lên, 2 xuống, 3), tìm tổ hợp tùy chỉnh, phát hiện pivot machine gun, thống kê đa khung và cảnh báo.",TIN_HIEU_ENTRY,RO,Đa khung,Entry tổ hợp 2-1-2 khi các khung đồng thuận + SL phía bên kia nến trong,4
three-bar-reversal-pattern,Three Bar Reversal Pattern,"Phát hiện mẫu hình đảo chiều ba nến với các chế độ chặt khác nhau, vẽ mức hỗ trợ/kháng cự từ biên mẫu hình, bộ lọc xu hướng tùy chọn.",TIN_HIEU_ENTRY,RO,Mọi khung,"Bật bộ lọc Supertrend + SL ngoài biên mẫu hình, TP theo R",4
three-black-crows,Three Black Crows,"Phát hiện mẫu nến Three Black Crows (ba quạ đen) đủ điều kiện sau nhịp tăng, kèm biến thể giống hệt, phá cấu trúc và mức hồi để vào Sell.",TIN_HIEU_ENTRY,RO,Mọi khung,Ghép bộ lọc xu hướng giảm khung lớn + SL trên đỉnh con quạ đầu,4
trending-market-toolkit,Trending Market Toolkit,"Bộ Entry theo cấu trúc xu hướng: phát hiện đảo chiều, gãy đường xu hướng, vùng kích hoạt lệnh kèm TP, SL và R:R, hỗ trợ khung lớn.",TIN_HIEU_ENTRY,MOT_PHAN,Mọi khung,Ghép bộ lọc xu hướng khung lớn + quản lý R:R sẵn có,4
trendlines-with-breaks,Trendlines with Breaks,"Vẽ đường hỗ trợ/kháng cự từ pivot với độ dốc theo ATR, báo phá vỡ theo thời gian thực có cảnh báo; nên tắt vẽ lùi.",TIN_HIEU_ENTRY,RO,Mọi khung,Ghép bộ lọc xu hướng khung lớn + SL theo ATR,4
upside-downside-tasuki-gap,Upside/downside Tasuki Gap,"Phát hiện Tasuki Gap tăng/giảm theo SMA 50, vẽ vùng khoảng trống và mức xác nhận tiếp diễn, cảnh báo kiểm định lại/lấp.",TIN_HIEU_ENTRY,RO,Mọi khung,Ghép bộ lọc xu hướng + SL khi khoảng trống bị lấp,4
upthrust-after-distribution,Upthrust After Distribution,"Phát hiện UTAD Wyckoff: phá vỡ giả trên kháng cự vùng đi ngang rồi quay lại, kèm kiểm định thứ cấp, dấu hiệu yếu và mục tiêu.",TIN_HIEU_ENTRY,RO,Mọi khung,Ghép Sell sau kiểm định thứ cấp + SL trên đỉnh UTAD,4
upthrust,Upthrust,"Nhận diện vùng đi ngang từ đỉnh swing và gắn nhãn phá vỡ thất bại UT/UTAD kèm chấm điểm ATR, khối lượng, tốc độ quay lại.",TIN_HIEU_ENTRY,RO,Mọi khung,Ghép bộ lọc xu hướng khung lớn + SL trên đỉnh upthrust,4
v-top-v-bottom,V-top/V-bottom,"Phát hiện đỉnh/đáy chữ V từ nhịp cạn kiệt 3 ATR kèm khối lượng đột biến, xác nhận khi hồi 80%, cảnh báo nhịp hồi đầu tiên.",TIN_HIEU_ENTRY,RO,Mọi khung,Ghép Entry ở nhịp hồi đầu tiên + SL ngoài cực trị V,4
value-area-reversion-signals,Value Area Reversion Signals,"Hồ sơ khối lượng neo theo ngày với POC và vùng giá trị, báo tín hiệu lấy lại vùng sau khi giá phá ra ngoài.",TIN_HIEU_ENTRY,RO,Trong ngày (neo ngày),Ghép TP tại POC + SL ngoài cực trị phá vỡ,4
volatility-contraction-pattern,Volatility Contraction Pattern,"Phát hiện VCP của Minervini: hai đến bốn nhịp hồi nông dần, khối lượng cạn, vẽ mức pivot, SL và cảnh báo phá vỡ.",TIN_HIEU_ENTRY,RO,D1/W1 (tác giả gợi ý cổ phiếu),"Ghép bộ lọc xu hướng + Buy phá pivot, SL dưới nhịp nén cuối",4
volume-dry-up,Volume Dry-up,"Đánh dấu phiên khối lượng cạn dưới trung bình 50, tag VDU cực cạn và cảnh báo bung khối lượng tăng/giảm sau đó.",TIN_HIEU_ENTRY,RO,Mọi khung,Ghép vùng nén giá + Entry theo hướng bung khối lượng,4
vsa-test-bar,VSA Test Bar,"Phát hiện nến kiểm tra VSA: nến hẹp khối lượng thấp thăm lại vùng cung cũ, giữ được và xác nhận bằng nến tăng khối lượng trong 5 nến.",TIN_HIEU_ENTRY,RO,Mọi khung,"Long sau nến xác nhận, SL dưới đường vô hiệu, ghép bộ lọc xu hướng tăng",4
vwap-pinch,VWAP Pinch,Hai VWAP neo từ đỉnh và đáy swing hội tụ trong 1 ATR tạo vùng nén; hai lần đóng cửa ngoài một đường báo phá vỡ và kiểm tra lại.,TIN_HIEU_ENTRY,RO,Mọi khung,"Entry khi phá vỡ hoặc kiểm tra lại, ghép bộ lọc xu hướng khung lớn + SL ATR",4
wide-range-bar,Wide-range Bar,"Phát hiện nến biên độ rộng so với 7 nến hoặc 1.5x ATR, tô màu theo vị trí đóng cửa và gắn nhãn tỷ lệ mở rộng, có cảnh báo.",TIN_HIEU_ENTRY,RO,Mọi khung,"Nến rộng đóng gần đỉnh cùng chiều xu hướng làm Entry, SL giữa nến",4
absorption,Absorption,"Theo dõi đỉnh/đáy bị kiểm tra nhiều lần với khối lượng lớn mà không phá (hấp thụ), xác nhận giữ hoặc bị phá theo biên ATR, có 8 cảnh báo.",VUNG_MUC_GIA,RO,Mọi khung,"Ghép bộ lọc xu hướng + Entry khi hấp thụ được xác nhận, SL ngoài vùng",4
accumulation-vs-distribution-ranges,Accumulation vs Distribution Ranges,"Phát hiện vùng đi ngang nén trong 2 ATR, chấm 5 bằng chứng để nghiêng về tích lũy hay phân phối, có bảng thống kê và cảnh báo phá vỡ.",VUNG_MUC_GIA,RO,Mọi khung,Ghép Entry phá vỡ theo hướng nghiêng + SL giữa vùng,4
bollinger-bands,Bollinger Bands,"Bollinger Bands chuẩn 20/2 với lựa chọn %B và độ rộng dải, đo biến động và vị trí giá so với trung bình; có cảnh báo giá cắt dải trên/dưới.",VUNG_MUC_GIA,MOT_PHAN,Mọi khung,Ghép bộ lọc xu hướng khung lớn + RSI để hồi về trung bình,4
buyside-sellside-liquidity,Buyside & Sellside Liquidity,"Đánh dấu mức thanh khoản phía mua trên đỉnh và phía bán dưới đáy, vùng quanh chúng và khoảng trống thanh khoản, có cảnh báo khi bị phá.",VUNG_MUC_GIA,MOT_PHAN,Mọi khung,Ghép tín hiệu quét thanh khoản + dịch chuyển cấu trúc để vào lệnh đảo chiều,4
camarilla,Camarilla,"Thang mức Camarilla H1-H5/L1-L5 từ ngày, tuần hoặc tháng trước, vùng xoay L3-H3 và cảnh báo kiểm tra H3/L3, phá vỡ H4/L4, phá vỡ giả.",VUNG_MUC_GIA,MOT_PHAN,Trong ngày (mức ngày/tuần/tháng),Bán hồi tại H3/L3 hoặc theo phá vỡ H4/L4 + lọc xu hướng,4
cause-and-effect,Cause & Effect,"Luật nhân quả Wyckoff: vùng tích lũy ≥20 nến là nguyên nhân, phá vỡ chiếu vùng mục tiêu theo tỷ lệ quan sát được, kèm 6 cảnh báo.",VUNG_MUC_GIA,RO,Mọi khung,Entry khi phá vùng tích lũy + TP tại vùng mục tiêu chiếu,4
central-pivot-range,Central Pivot Range,"CPR từ kỳ trước (pivot, TC, BC), phân loại hẹp/rộng, so sánh hai kỳ, theo dõi CPR chưa bị chạm và bảng thống kê vị trí giá.",VUNG_MUC_GIA,MOT_PHAN,Trong ngày và swing (CPR ngày/tuần/tháng),CPR hẹp báo ngày xu hướng + Entry khi giá chấp nhận trên/dưới CPR,4
consequent-encroachment,Consequent Encroachment,"Vẽ mức 50% của mỗi FVG và giữa bóng nến lớn, theo dõi được tôn trọng, bị đóng cửa xuyên qua hay lấp đầy, có 8 cảnh báo.",VUNG_MUC_GIA,MOT_PHAN,Mọi khung,Entry tại mức 50% FVG thuận xu hướng + SL ngoài FVG,4
draw-on-liquidity,Draw on Liquidity,"Liệt kê các vùng thanh khoản chưa chạm (đỉnh đáy ngày/tuần, phiên, đỉnh bằng, khoảng trống) và chọn mục tiêu hút giá theo hướng cấu trúc.",VUNG_MUC_GIA,MOT_PHAN,"Trong ngày (phiên Á, London, New York)",Mục tiêu thanh khoản làm TP + Entry theo cấu trúc cùng phía,4
excess,Excess,Dựng bản đồ TPO mỗi phiên và đánh dấu đuôi dư thừa (các hàng in đơn ở cực trị phiên) làm hỗ trợ/kháng cự đến khi bị phá.,VUNG_MUC_GIA,MOT_PHAN,"Trong ngày (hồ sơ phiên ngày, TPO 30 phút)","Chạm đuôi dư thừa + nến từ chối làm Entry, SL ngoài cực trị",4
fibonacci-bollinger-bands,Fibonacci Bollinger Bands,"Dải Bollinger quanh VWMA 200 với biên 3 độ lệch chuẩn chia bậc theo tỷ lệ Fibonacci; alert khi cắt đường giữa, chạm biên, cắt bậc.",VUNG_MUC_GIA,RO,Mọi khung,Ghép bộ dao động quá mua/quá bán + SL ngoài biên ngoài,4
fvg-sessions,FVG Sessions,"Tô FVG đầu tiên của mỗi phiên, kéo dài tới hết phiên và viền vùng giá phiên; alert khi hình thành, bị lấp, Entry và đảo vai.",VUNG_MUC_GIA,RO,"Trong ngày (theo phiên London, New York...)",Ghép bộ lọc xu hướng ngày + SL theo mép FVG,4
golden-pocket,Golden Pocket,"Tự neo vùng Golden Pocket 0.618-0.65 trên các chân swing, theo dõi vòng đời mới, đã thử, bị phá, vô hiệu; alert khi vào vùng và từ chối.",VUNG_MUC_GIA,RO,Mọi khung,Ghép bộ lọc xu hướng + SL dưới mức 0.786,4
ict-implied-fair-value-gap-ifvg,ICT Implied Fair Value Gap (IFVG),"Tự phát hiện FVG ngầm (mẫu 3 nến thân giữa lớn, bóng hai bên dài), vẽ vùng và đường trung bình kéo dài làm hỗ trợ/kháng cự động, có cảnh báo.",VUNG_MUC_GIA,MOT_PHAN,Mọi khung,"Chờ giá hồi về vùng + tín hiệu nến xác nhận, lọc theo xu hướng khung lớn",4
keltner-channels,Keltner Channels,"Kênh Keltner chuẩn: EMA 20 làm đường giữa, dải trên/dưới cách 2 lần ATR 10, đo mức giá đi xa so với biến động gần đây, có cảnh báo cắt dải.",VUNG_MUC_GIA,MOT_PHAN,Mọi khung,"Phá dải làm phá vỡ, EMA giữa làm lọc hướng và điểm hồi, dải làm TP",4
level-freshness-and-decay,Level Freshness & Decay,"Theo dõi mức hỗ trợ/kháng cự từ đỉnh/đáy sóng qua vòng đời mới-đã test-cạn, chấm điểm từ 100% và trừ 30% mỗi lần chạm, mờ dần theo thời gian, có cảnh báo.",VUNG_MUC_GIA,MOT_PHAN,Mọi khung,"Chỉ Entry ở lần chạm đầu mức mới, ghép nến xác nhận + SL theo ATR",4
liquidity-delta-profiler,Liquidity Delta Profiler,"Vẽ vùng thanh khoản phía mua/bán từ đỉnh đáy, chia lát theo delta khối lượng và phát tín hiệu đảo chiều sau quét (hấp thụ, kiệt sức, phân kỳ, từ chối) kèm cảnh báo.",VUNG_MUC_GIA,RO,Mọi khung,"Ghép bộ lọc xu hướng khung lớn, Entry theo tín hiệu quét-đảo chiều, SL sau râu quét",4
low-resistance-vs-high-resistance-liquidity-runs,Low-resistance vs High-resistance Liquidity Runs,"Phân loại đường đi tới vùng thanh khoản gần nhất là ít hay nhiều cản dựa trên đỉnh đáy chưa quét và FVG ngược chiều, có cảnh báo phân loại lại.",VUNG_MUC_GIA,RO,Mọi khung,"Chỉ vào lệnh hướng đường ít cản, TP tại vùng thanh khoản đích",4
ma-envelope,MA Envelope,"Đường trung bình với dải trên/dưới lệch cố định theo phần trăm (mặc định 2,5%), đo mức giá kéo giãn khỏi trung bình, có cảnh báo cắt dải.",VUNG_MUC_GIA,MOT_PHAN,Mọi khung,"Entry hồi về trung bình khi chạm dải, lọc xu hướng bằng độ dốc MA",4
midpoint-half-back-of-session,Midpoint/half-back of Session,"Vẽ mức giữa (cao+thấp)/2 của phiên Asia, London, New York; đếm lần kiểm tra và xác định bên kiểm soát bằng 2 nến đóng cửa, có cảnh báo.",VUNG_MUC_GIA,MOT_PHAN,Trong ngày,Ghép bộ lọc xu hướng H1 + tín hiệu nến đảo chiều tại mức giữa phiên,4
murrey-math-levels,Murrey Math Levels,"Vẽ thang Murrey Math từ khung 64 nến, gắn nhãn các bậc -2/8 đến +2/8, có cảnh báo cắt 4/8, đóng ngoài 8/8, 0/8 và kiểm tra đảo chiều 6/8, 2/8.",VUNG_MUC_GIA,RO,Mọi khung,"Ghép bộ lọc xu hướng + Entry khi kiểm tra đảo chiều tại 2/8, 6/8",4
naked-poc,Naked POC,"Dựng hồ sơ cho mỗi kỳ hoàn tất và kéo POC chưa bị chạm tới khi giá quay lại, có cảnh báo POC mới và POC bị kiểm tra.",VUNG_MUC_GIA,MOT_PHAN,Trong ngày đến swing,Dùng naked POC làm TP hoặc vùng Entry + tín hiệu nến xác nhận,4
order-block-detector,Order Block Detector,"Phát hiện order block tăng/giảm từ pivot khối lượng xác nhận, ẩn khối đã bị lấp theo râu hoặc đóng cửa, có cảnh báo tạo và lấp.",VUNG_MUC_GIA,MOT_PHAN,Mọi khung,Ghép tín hiệu nến đảo chiều tại order block + bộ lọc xu hướng,4
pivot-points-standard,Pivot Points Standard,"Pivot Points chuẩn (Traditional, Fibonacci, Camarilla, Woodie) từ đỉnh, đáy, giá đóng kỳ trước, tự chọn khung neo, cảnh báo cắt P/R1/S1.",VUNG_MUC_GIA,MOT_PHAN,Tự chọn theo khung biểu đồ,Ghép tín hiệu Entry tại R1/S1 + lọc giá trên/dưới P,4
pivot-points,Pivot Points,"Thang Pivot Points cổ điển theo ngày/tuần/tháng, lưu lịch sử 5 kỳ, cảnh báo cắt từng mức và lần kiểm tra đầu PP, R1, S1.",VUNG_MUC_GIA,MOT_PHAN,Tự neo theo khung biểu đồ,Ghép tín hiệu nến đảo chiều tại lần kiểm tra đầu + SL ngoài mức,4
pivot-strength,Pivot Strength,"Xác nhận pivot theo quy tắc số nến trái/phải, in giá tại pivot, hiển thị độ trễ xác nhận và bảng thống kê số lượng pivot.",VUNG_MUC_GIA,MOT_PHAN,Mọi khung,"Dùng pivot xác nhận làm mức cấu trúc, SL và điểm neo đường xu hướng",4
potential-reversal-zone,Potential Reversal Zone,"Chiếu vùng đảo chiều tiềm năng harmonic (Gartley, Bat, Butterfly, Crab) từ 4 swing gần nhất, chấm điểm vùng, vẽ mục tiêu Fibonacci và cảnh báo từ chối.",VUNG_MUC_GIA,RO,Mọi khung,"Ghép xác nhận động lượng + TP 0.382/0.618 AD, SL ngoài vùng",4
predictive-ranges,Predictive Ranges,Dự báo vùng giá kế tiếp theo ATR với mức hỗ trợ/kháng cự không vẽ lại quanh đường trung tâm; độ dốc đường trung tâm là thước đo xu hướng.,VUNG_MUC_GIA,MOT_PHAN,Mọi khung,Entry hồi tại biên vùng theo độ dốc trung tâm + TP biên đối diện,4
rejection-block,Rejection Block,"Vẽ vùng bóng nến từ chối tại đỉnh/đáy swing đã xác nhận (bóng ≥50% thân và ≥0.5 ATR), cảnh báo khi hình thành, kiểm tra lại lần đầu và khi mất hiệu lực.",VUNG_MUC_GIA,MOT_PHAN,Mọi khung,Ghép bộ lọc xu hướng + Entry khi kiểm tra lại vùng + SL ngoài đỉnh bóng nến,4
responsive-vs-initiative-activity,Responsive vs Initiative Activity,"Phân loại mỗi nến thành mua/bán chủ động hay phản ứng so với vùng giá trị phiên trước (VAH, VAL, POC), cảnh báo chấp nhận giá ngoài vùng và thăm dò thất bại.",VUNG_MUC_GIA,RO,"Trong ngày, neo theo phiên",Chấp nhận ngoài giá trị → theo xu hướng; thăm dò thất bại → Entry về POC,4
round-numbers,Round Numbers,"Tự vẽ lưới mức giá tâm lý (số tròn lớn, mức nửa, mức một phần tư) theo từng công cụ, cảnh báo khi giá tiến gần, kiểm tra và phá vỡ.",VUNG_MUC_GIA,MOT_PHAN,Mọi khung,"Đặt TP trước số tròn, SL tránh ngay số tròn; ghép tín hiệu từ chối tại mức",4
rsi-bands,RSI Bands,"Giải ngược công thức RSI để vẽ lên biểu đồ giá các mức giá tại đó RSI sẽ bằng 70, 30, 50; có cảnh báo chạm và rời dải.",VUNG_MUC_GIA,MOT_PHAN,Mọi khung,Đặt lệnh chờ tại dải + lọc xu hướng khung lớn + SL theo ATR,4
single-prints,Single Prints,"Dựng phân phối TPO theo phiên và đóng hộp các vùng single print (chỉ giao dịch một khung giờ), theo dõi lần kiểm tra lại, giữ vững hoặc bị lấp.",VUNG_MUC_GIA,MOT_PHAN,"Trong ngày, phiên ngày với khung 30 phút",Chờ giá hồi về vùng single print + mẫu hình nến đảo chiều xác nhận,4
smart-money-concepts-smc,Smart Money Concepts (SMC),"Tự động đánh dấu cấu trúc nội bộ và swing với BOS/CHoCH, order block, đỉnh/đáy bằng nhau, FVG, đỉnh/đáy đa khung và vùng premium/discount.",VUNG_MUC_GIA,MOT_PHAN,Mọi khung,"Lấy CHoCH/BOS làm hướng + Entry khi hồi về order block/FVG, SL sau swing",4
supply-and-demand-daily,Supply and Demand Daily,Tự động dựng vùng cung/cầu mỗi ngày từ khối lượng phiên trước và chiếu lên biểu đồ làm hỗ trợ/kháng cự.,VUNG_MUC_GIA,MOT_PHAN,Trong ngày,Entry trong ngày khi từ chối vùng + bộ lọc xu hướng khung H1,4
tirone-levels,Tirone Levels,"Vẽ các mức Tirone: chia vùng cao-thấp thành ba phần và thang quanh trung bình (H+L+C)/3, cảnh báo cắt trung tâm và phá vỡ cực trị.",VUNG_MUC_GIA,MOT_PHAN,Mọi khung,"Ghép bộ lọc xu hướng + mua ở phần ba dưới, bán phần ba trên",4
tpo-profile,TPO Profile,"Hồ sơ TPO theo chữ cái mỗi phiên: POC, vùng giá trị 70%, biên độ đầu phiên, kéo dài POC/VAH/VAL phiên trước làm mức tham chiếu.",VUNG_MUC_GIA,MOT_PHAN,"Trong ngày (chữ 30 phút, phiên ngày)",Ghép tín hiệu từ chối tại VAH/VAL + SL ngoài vùng giá trị,4
trading-range-position,Trading-range Position,"Đóng hộp vùng đi ngang đã xác nhận, chia vùng mua/không giao dịch/bán, cảnh báo kiểm định hỗ trợ/kháng cự và phá vùng.",VUNG_MUC_GIA,RO,Mọi khung,Ghép bộ lọc thị trường đi ngang + nến từ chối tại biên vùng,4
unfinished-auction,Unfinished Auction,Đánh dấu đỉnh/đáy phiên kết thúc thiếu râu dư (phiên đấu giá chưa xong) làm mức tham chiếu đến khi giá quay lại sửa.,VUNG_MUC_GIA,MOT_PHAN,Phiên ngày,Ghép TP tại mức chưa hoàn tất + bộ lọc xu hướng,4
vwap,VWAP,"VWAP chuẩn theo ngày/tuần/tháng kèm dải ±1/2/3 độ lệch chuẩn, cảnh báo giá cắt lên/xuống VWAP.",VUNG_MUC_GIA,MOT_PHAN,Khung trong ngày,"Giá trên VWAP chỉ Long, Entry hồi về VWAP, TP ở dải ±2",4
williams-fractal,Williams Fractal,"Williams Fractal đánh dấu đỉnh/đáy fractal 5 nến, chỉ xác nhận sau khi đủ nến hai bên; có cảnh báo xác nhận.",VUNG_MUC_GIA,MOT_PHAN,Mọi khung,"Phá vỡ fractal làm Entry, fractal gần nhất làm SL; ghép Alligator lọc xu hướng",4
woodie-pivots,Woodie Pivots,"Woodie Pivots từ kỳ trước (ngày/tuần/tháng) với P, R1-R3, S1-S3 cố định cả kỳ, cảnh báo giá cắt từng mức.",VUNG_MUC_GIA,MOT_PHAN,Mọi khung,"Dùng R/S làm TP và vùng đảo chiều, ghép bộ lọc xu hướng quanh P",4
adaptive-bounds-rsi,Adaptive Bounds RSI,"RSI với ngưỡng quá mua/quá bán tự học bằng K-Means 5 cụm, đánh dấu vùng căng cực đoan và cảnh báo đổi chế độ, cắt ngưỡng.",XAC_NHAN,RO,Mọi khung,Ghép vùng hỗ trợ/kháng cự để bắt đảo chiều + SL theo ATR,4
atr-expansion-contraction,ATR Expansion/contraction,"ATR nhanh so với ATR chậm dạng % quanh 0 để đọc giai đoạn giãn/nén biến động, đánh dấu nến có biên độ gấp 2 ATR, có cảnh báo.",XAC_NHAN,MOT_PHAN,Mọi khung,Ghép hệ phá vỡ vùng đi ngang: vào lệnh khi chuyển từ nén sang giãn,4
bandwidth,BandWidth,"Độ rộng dải Bollinger chuẩn hóa với mức nén thấp nhất và phình cao nhất 125 nến, cảnh báo khi vào cực trị hoặc bật lên từ đáy nén.",XAC_NHAN,MOT_PHAN,Mọi khung,Ghép hệ phá vỡ: chờ nén rồi vào lệnh theo hướng phá biên,4
center-of-gravity,Center of Gravity,"Dao động Center of Gravity của Ehlers với đường kích hoạt trễ 1 nến; cắt lên báo đáy chu kỳ, cắt xuống báo đỉnh chu kỳ.",XAC_NHAN,MOT_PHAN,Mọi khung,Canh thời điểm Entry trong thị trường đi ngang + vùng hỗ trợ/kháng cự,4
connors-rsi,Connors RSI,"Connors RSI 3/2/100 trung bình RSI giá, RSI chuỗi tăng/giảm và phần trăm xếp hạng biến đổi giá, cảnh báo quá mua/quá bán và thoát.",XAC_NHAN,MOT_PHAN,Mọi khung,Hồi về trung bình theo xu hướng EMA 200 + thoát khi hết quá bán,4
constance-brown-studies,Constance Brown Studies,"Bộ nghiên cứu RSI của Constance Brown: Composite Index, Derivative Oscillator và vùng RSI tăng 40-80/giảm 20-60, có cảnh báo cắt và đổi vùng.",XAC_NHAN,MOT_PHAN,Mọi khung,Dùng vùng RSI làm lọc xu hướng + Composite cho phân kỳ,4
cyber-cycle,Cyber Cycle,"Cyber Cycle của Ehlers lọc bỏ xu hướng và nhiễu, cắt đường kích hoạt 1 nến để canh đỉnh/đáy swing, có bản Stochastic -1 đến +1.",XAC_NHAN,MOT_PHAN,Mọi khung,Canh thời điểm Entry theo hướng bộ lọc xu hướng khung lớn,4
demand-index,Demand Index,"Demand Index của Sibbet tách khối lượng thành áp lực mua/bán theo biên độ giá, dao động quanh 0 với mức cực trị và phân kỳ.",XAC_NHAN,MOT_PHAN,Mọi khung,Xác nhận áp lực mua/bán cho tín hiệu phá vỡ + bộ lọc xu hướng,4
double-stochastic,Double Stochastic,"Stochastic tính hai lần (Bressert hoặc Blau) cho dao động 0-100 mượt, ít chạm 80/20, cảnh báo vào/ra vùng cực trị và điểm quay đầu.",XAC_NHAN,MOT_PHAN,Mọi khung (tác giả gợi ý xác nhận cho trigger nhanh),Xác nhận quá mua/quá bán cho trigger nhanh + bộ lọc xu hướng,4
dss-bressert,DSS Bressert,"Stochastic làm mượt kép DSS Bressert có đường tín hiệu, mức 80/20 và phát hiện điểm móc quay đầu ở vùng cực trị.",XAC_NHAN,MOT_PHAN,Mọi khung,Móc quá bán cùng xu hướng lớn làm Entry hồi + SL theo ATR,4
dynamic-momentum-index,Dynamic Momentum Index,"RSI có độ dài thích ứng theo biến động (5-30 nến) của Chande và Kroll, mức 70/30 và cảnh báo cắt đường giữa.",XAC_NHAN,MOT_PHAN,Mọi khung,Thay RSI thường làm xác nhận động lượng cho tín hiệu Entry,4
effort-vs-result,Effort vs Result,"So sánh nỗ lực (khối lượng) và kết quả (biên độ giá) theo Wyckoff, đánh dấu hấp thụ và phân kỳ nỗ lực giữa các chân swing.",XAC_NHAN,MOT_PHAN,Mọi khung,Hấp thụ tại vùng hỗ trợ/kháng cự + nến đảo chiều làm Entry,4
elegant-oscillator,Elegant Oscillator,"Elegant Oscillator của Ehlers: động lượng chuẩn hóa qua biến đổi Fisher nghịch, giới hạn -1 đến +1, cảnh báo chạm biên và kiệt sức.",XAC_NHAN,MOT_PHAN,Mọi khung,Kiệt sức động lượng tại vùng kháng cự/hỗ trợ làm Entry đảo chiều,4
ergodic-oscillator,Ergodic Oscillator,"Ergodic Oscillator của Blau: động lượng làm mượt kép EMA, thang ±100, có đường tín hiệu, histogram và cảnh báo động lượng suy yếu.",XAC_NHAN,MOT_PHAN,Mọi khung,Cắt đường tín hiệu cùng hướng xu hướng lớn làm Entry,4
ewma-volatility,EWMA Volatility,Ước lượng biến động EWMA kiểu RiskMetrics (lambda 0.94) có ngưỡng phần trăm 80/20 để phân biệt biến động đang tăng hay suy giảm.,XAC_NHAN,MOT_PHAN,Mọi khung,Điều chỉnh Lot theo mục tiêu biến động + lọc chế độ biến động,4
firefly-oscillator,Firefly Oscillator,"Bộ dao động z-score của giá trọng số so với EMA, làm mượt không trễ, thang 0-100; alert cắt đường giữa, quá mua/quá bán và phân kỳ.",XAC_NHAN,RO,Mọi khung,Ghép bộ lọc xu hướng + vùng hỗ trợ/kháng cự để lọc tín hiệu,4
fisher-transform,Fisher Transform,"Fisher Transform chuẩn hóa giá theo cửa sổ, làm rõ điểm đảo chiều; alert khi cắt đường tín hiệu và cắt mức 0.",XAC_NHAN,RO,Mọi khung,Ghép bộ lọc xu hướng khung lớn + SL theo ATR,4
higher-timeframe-stochastic-buckets,Higher Timeframe Stochastic Buckets,Tính Stochastic khung lớn và tô vùng giá quá mua/quá bán kiệt sức lên biểu đồ khung nhỏ; alert khi vào vùng.,XAC_NHAN,MOT_PHAN,"Khung nhỏ, dữ liệu Stochastic khung lớn",Ghép tín hiệu đảo chiều khung nhỏ trong vùng kiệt sức,4
historical-volatility,Historical Volatility,"Đo biến động lịch sử (độ lệch chuẩn lợi suất log, năm hóa) thành một đường %, dùng phân loại thị trường yên/sôi động và định cỡ vị thế.",XAC_NHAN,KHONG,Mọi khung,Ghép ngưỡng biến động để bật/tắt hệ + Lot theo biến động,4
intraday-intensity,Intraday Intensity,"Đo áp lực khối lượng theo vị trí giá đóng trong nến (II% và dạng cộng dồn), cắt 0 cho phía tích lũy/phân phối, kèm phát hiện phân kỳ và cảnh báo.",XAC_NHAN,MOT_PHAN,Mọi khung,Xác nhận khối lượng cho lệnh phá vỡ; cần khối lượng thật hoặc tick,4
intraday-momentum-index,Intraday Momentum Index,"Dao động kiểu RSI tính trên thân nến (0-100), mức 70/30 và đường 50, bỏ qua khoảng trống giá, có cảnh báo vào/ra vùng quá mua/quá bán.",XAC_NHAN,MOT_PHAN,Mọi khung,"Xác nhận động lượng trong phiên cho Entry, cắt 50 làm bộ lọc hướng",4
klinger-oscillator,Klinger Oscillator,"Dao động Klinger chuẩn 34/55/13: chênh lệch EMA của lực khối lượng có dấu theo xu hướng, kèm đường tín hiệu và cảnh báo cắt.",XAC_NHAN,MOT_PHAN,Mọi khung,Xác nhận khối lượng ủng hộ xu hướng cho Entry; cần khối lượng tick,4
know-sure-thing,Know Sure Thing,"KST chuẩn của Pring: tổng có trọng số 4 ROC làm mượt, kèm đường tín hiệu SMA 9 và cảnh báo cắt tín hiệu, cắt 0.",XAC_NHAN,MOT_PHAN,Mọi khung,"Cắt 0 làm bộ lọc hướng động lượng, ghép tín hiệu Entry theo giá",4
market-structure-oscillator,Market Structure Oscillator,"Chấm điểm phá vỡ/chuyển cấu trúc ở ba cấp đỉnh đáy thành dao động có trọng số, kèm biểu đồ chu kỳ với tín hiệu cắt, cực trị và phân kỳ.",XAC_NHAN,RO,Mọi khung,Entry theo tín hiệu cắt chu kỳ cùng chiều dao động cấu trúc dài hạn,4
mass-index,Mass Index,"Mass Index của Dorsey đo biên độ mở rộng, tín hiệu phình khi vượt 27 rồi xuống dưới 26,5 báo khả năng đảo chiều, không cho hướng.",XAC_NHAN,RO,Mọi khung,Ghép bộ xác định hướng (MA/cấu trúc) để chọn Buy/Sell khi có tín hiệu phình,4
momentum-expansion-vs-contraction,Momentum Expansion vs Contraction,"Chuyển MACD hoặc dao động khác thành biểu đồ cột quanh 0, gắn nhãn động lượng mở rộng/co lại theo chuỗi 3 nến và so sánh đỉnh đáy sóng.",XAC_NHAN,RO,Mọi khung,Ghép bộ lọc xu hướng + Entry khi động lượng mở rộng cùng hướng,4
omni-flow-consensus,Omni-Flow Consensus,"Dao động -100 đến +100 đo mức quyết liệt của dòng tiền từ cấu trúc nến, hướng dòng và khối lượng, đánh dấu kim cương khi có dòng tiền bơm vào.",XAC_NHAN,RO,Mọi khung,Ghép bộ lọc xu hướng + vùng giá làm điểm Entry,4
oscillator-of-oscillator,Oscillator of Oscillator,"Áp Stochastic lên RSI, CCI, MFI hoặc ROC, làm mượt %K/%D, mức 80/20 và 50, cảnh báo vào/ra cực trị, cắt trục giữa và cắt %K/%D.",XAC_NHAN,RO,Mọi khung,"Ghép bộ lọc xu hướng, vào khi thoát vùng cực trị theo hướng xu hướng",4
osma,OsMA,"Biểu đồ OsMA (MACD trừ đường tín hiệu) bốn trạng thái phân biệt động lượng tăng/giảm dần, cảnh báo cắt 0 và động lượng suy yếu.",XAC_NHAN,MOT_PHAN,Mọi khung,Ghép bộ lọc xu hướng + vùng giá làm Entry,4
parkinson-estimator,Parkinson Estimator,"Tính biến động Parkinson từ biên độ cao-thấp 20 nến so với biến động đóng cửa, ngưỡng phân vị 80/20 báo mở rộng/co hẹp, có cảnh báo.",XAC_NHAN,MOT_PHAN,Mọi khung,"Lọc chế độ biến động: co hẹp chờ phá vỡ, mở rộng theo xu hướng",4
percent-b,%B,"Dao động %B cho biết vị trí giá trong dải Bollinger (1 = dải trên, 0 = dải dưới), cảnh báo quá mua/quá bán và cắt đường giữa.",XAC_NHAN,MOT_PHAN,Mọi khung,Ghép lọc xu hướng + tín hiệu hồi về dải giữa,4
ppo,PPO,"PPO đo chênh EMA 12 và 26 theo %, có đường tín hiệu 9 và histogram, cảnh báo cắt tín hiệu, cắt 0 và histogram đổi hướng.",XAC_NHAN,MOT_PHAN,Mọi khung,Xác nhận động lượng cho Entry tại vùng giá + lọc xu hướng,4
premier-stochastic,Premier Stochastic,"Stochastic làm mượt kép nén về thang -1 đến +1, cảnh báo thoát vùng trung tính ±0.2 và rời vùng cực ±0.9.",XAC_NHAN,RO,Mọi khung,"Ghép lọc xu hướng + vùng giá, lấy cắt ±0.2 làm kích hoạt",4
pretty-good-oscillator,Pretty Good Oscillator,"Đo khoảng cách giá đóng tới SMA 89 theo đơn vị ATR làm mượt, ngưỡng ±3 là phá vỡ theo hệ dài hạn của Johnson.",XAC_NHAN,MOT_PHAN,Mọi khung,Lọc xu hướng qua ngưỡng ±3 + Entry hồi khung nhỏ,4
price-zone-oscillator,Price Zone Oscillator,"Price Zone Oscillator của Khalil và Steckler: đo độ bền hướng giá đóng, có bản đồ vùng ±60, ±40 và dải trung tính kèm 8 cảnh báo.",XAC_NHAN,MOT_PHAN,Mọi khung,"Lọc xu hướng qua ±40 + Entry hồi, thoát khi về vùng trung tính",4
psychological-line,Psychological Line,"Đếm tỷ lệ nến tăng trong 12 nến thành %, ngưỡng 75/25 quá mua/quá bán và đường cân bằng 50 kèm 6 cảnh báo.",XAC_NHAN,MOT_PHAN,Mọi khung,Entry hồi khi rời vùng 75/25 cùng lọc xu hướng,4
reflex-trendflex,Reflex/Trendflex,"Cặp dao động Ehlers tách chu kỳ (Reflex) và xu hướng (Trendflex), có cảnh báo cắt 0, tín hiệu thuận xu hướng và phân kỳ.",XAC_NHAN,RO,Mọi khung,Trendflex làm lọc xu hướng + Reflex cắt 0 làm thời điểm Entry + SL theo ATR,4
relative-strength-index,Relative Strength Index,"RSI chuẩn của Wilder (14, mức 70/30) đo tốc độ và độ lớn thay đổi giá, có cảnh báo vào/thoát vùng quá mua, quá bán.",XAC_NHAN,MOT_PHAN,Mọi khung,Ghép bộ lọc xu hướng EMA + vùng hỗ trợ/kháng cự; thoát vùng làm xác nhận Entry,4
rsi-regime-filter,RSI Regime Filter,"Chỉ hiển thị phân kỳ RSI và tín hiệu quá mua/quá bán khi chế độ thị trường phù hợp (RSI, EMA, ADX hoặc biểu quyết tổng hợp), tránh bắt dao rơi.",XAC_NHAN,RO,Mọi khung,Entry phân kỳ trong chế độ đi ngang + SL theo ATR + TP ở đường giữa,4
standard-deviation-channel-width,Standard-deviation Channel Width,"Đo độ rộng kênh hồi quy độ lệch chuẩn (100 nến, 2 lần) so với trung bình của nó, cảnh báo bắt đầu nén và giải phóng nén.",XAC_NHAN,MOT_PHAN,Mọi khung,Chỉ vào lệnh phá vỡ khi vừa có tín hiệu giải phóng nén,4
stochastic-rsi,Stochastic RSI,"Stochastic RSI chuẩn (14,14,3,3) đo vị trí RSI trong biên độ gần đây, có cảnh báo giao cắt %K/%D và ra/vào vùng quá mua/quá bán.",XAC_NHAN,RO,Mọi khung,Canh Entry hồi theo xu hướng khi thoát vùng quá bán/quá mua,4
stochastic,Stochastic,"Stochastic chuẩn (14,3,3) với mức 80/20, cảnh báo giao cắt %K/%D và ra/vào vùng quá mua/quá bán.",XAC_NHAN,RO,Mọi khung,Ghép bộ lọc xu hướng EMA + Entry khi giao cắt ở vùng cực,4
structural-svm-ranker,Structural SVM Ranker,"Chấm điểm 0-100 cho mỗi BOS/CHoCH bằng mô hình kiểu SVM tuyến tính dựa trên khối lượng tương đối, RSI và khoảng phá theo ATR.",XAC_NHAN,MOT_PHAN,Mọi khung,"Chỉ nhận BOS điểm trên 70 + Entry khi hồi, SL sau swing",4
traders-dynamic-index,Traders Dynamic Index,"Traders Dynamic Index từ RSI 13: đường giá, đường tín hiệu, dải Bollinger và đường nền, mười cảnh báo giao cắt và vùng 68/32.",XAC_NHAN,RO,Mọi khung,Ghép bộ lọc xu hướng khung lớn + SL theo ATR,4
trix,TRIX,"TRIX chuẩn: tốc độ thay đổi của EMA làm mượt ba lần, dao động quanh 0 với cảnh báo cắt 0 và cắt đường tín hiệu.",XAC_NHAN,RO,Mọi khung,Ghép vùng giá + chỉ vào lệnh cùng dấu TRIX,4
true-strength-index,True Strength Index,"True Strength Index chuẩn 25/13/13, dao động động lượng quanh 0 với cảnh báo cắt đường tín hiệu và cắt 0.",XAC_NHAN,RO,Mọi khung,"Ghép bộ lọc xu hướng + tín hiệu hồi, TSI xác nhận hướng",4
twiggs-money-flow,Twiggs Money Flow,"Twiggs Money Flow: dòng tiền theo khối lượng trong khoảng -1 đến +1, ngưỡng ±0.05 báo tích lũy/phân phối bền vững.",XAC_NHAN,MOT_PHAN,Mọi khung,Ghép tín hiệu phá vỡ + chỉ vào khi dòng tiền cùng hướng,4
ultimate-oscillator,Ultimate Oscillator,"Ultimate Oscillator chuẩn 7/14/28: áp lực mua trên ba chu kỳ, thang 0-100 với cảnh báo quá mua/quá bán và thoát vùng.",XAC_NHAN,RO,Mọi khung,Ghép vùng hỗ trợ/kháng cự + thoát vùng quá bán làm xác nhận,4
volatility-ratio,Volatility Ratio,"Volatility Ratio: kiểm tra nến biên độ rộng (TR so nền 14) hoặc biến động ngắn/dài quanh 1, cảnh báo mở rộng/co lại.",XAC_NHAN,RO,Mọi khung,Ghép phá vỡ vùng + nến biên độ rộng xác nhận,4
volume-flow-indicator,Volume Flow Indicator,"Volume Flow Indicator của Katsanos: khối lượng theo hướng giá điển hình, lọc nhiễu theo biến động, dao động quanh 0 với đường tín hiệu.",XAC_NHAN,RO,Mọi khung,Ghép bộ lọc xu hướng + chỉ vào khi VFI trên 0,4
volume-weighted-macd,Volume-weighted MACD,"MACD dựng trên VWMA 12/26 và đường tín hiệu 9, nến khối lượng lớn chi phối động lượng; có cảnh báo cắt nhau và cắt 0.",XAC_NHAN,RO,Mọi khung,Lấy giao cắt cùng chiều bộ lọc xu hướng EMA khung lớn + SL theo ATR,4
volume-zone-oscillator,Volume Zone Oscillator,"Volume Zone Oscillator giới hạn -100 đến +100, có vùng chế độ ±5, quá mua/quá bán ±40 và cực trị ±60, kèm cảnh báo đầy đủ.",XAC_NHAN,RO,Mọi khung,"Dùng chế độ tăng/giảm làm bộ lọc, Entry khi hồi khỏi vùng quá bán",4
waddah-attar-explosion,Waddah Attar Explosion,"Waddah Attar Explosion: cột lực xu hướng từ MACD EMA 20/40 so với đường bùng nổ theo độ rộng BB và vùng chết, cảnh báo bùng nổ tăng/giảm.",XAC_NHAN,RO,Mọi khung,"Chỉ vào lệnh khi có bùng nổ cùng chiều bộ lọc xu hướng, Exit khi bùng nổ kết thúc",4
wave-trend-oscillator,Wave Trend Oscillator,"Wave Trend Oscillator WT1/WT2 quanh 0 với vùng ±53/±60, cảnh báo cắt nhau ở vùng cực trị và cắt 0.",XAC_NHAN,RO,Mọi khung,"Entry khi cắt ở vùng cực trị cùng chiều xu hướng khung lớn, SL theo ATR",4
williams-percent-r,Williams %R,"Williams %R chuẩn 14 kỳ thang 0 đến -100, vùng quá mua -20 và quá bán -80, cảnh báo vào/ra vùng.",XAC_NHAN,RO,Mọi khung,Entry khi thoát vùng quá bán cùng chiều xu hướng khung lớn,4
zero-lag-macd,Zero-lag MACD,"MACD 12/26/9 khử độ trễ bằng EMA kép, giao cắt tín hiệu và cắt 0 đến sớm hơn MACD thường, có cảnh báo.",XAC_NHAN,RO,Mọi khung,"Giao cắt cùng chiều bộ lọc EMA khung lớn làm Entry, SL theo ATR",4
